Workbook

Sheet 총괄표
B3: CCTV 연계 운영 현황 | H3: 방범용 CCTV 년도별 현황
B4: 일련번호 | C4: 구분 | D4: 개소 | E4: 대수 | F4: 비고 | H4: 년도 | I4: 개소 | J4: 대수 | K4: 비고 | L4: 교체현황(년도별_노후cctv교체현황) | X4: 비고
C5: 합계 | D5: =SUM(D6:D14) -> 1308 | E5: =SUM(E6:E14) -> 4155 | L5: 2016 | M5: 2017 | N5: 2018 | O5: 2019 | P5: 2020 | Q5: 2021 | R5: 2022 | S5: 2023 상반기 | T5: 2023 하반기 | U5: 2024 상반기 | V5: 2024 하반기 | W5: 2025 상반기
B6: 1 | C6: 방범용 | D6: =방범!A3 -> 1000 | E6: =방범!F3 -> 3432 | F6: - 범죄취약지 : 2개소 8대 - 지능형 : 9개소 31대 - 노후 교체 화각중복 -3대 - 관리번호 327 -1대(수리불가로 화각조정) | H6: 합계 | I6: =SUM(I7:I25) -> 1000 | J6: =SUM(J7:J25) -> 3432 | K6: 2015년 이전 교체 | L6: =SUM(L7:L24) -> 45 | M6: =SUM(M7:M24) -> 30 | N6: =SUM(N7:N24) -> 69 | O6: =SUM(O7:O24) -> 63 | P6: =SUM(P7:P24) -> 65 | Q6: =SUM(Q7:Q24) -> 56 | R6: =SUM(R7:R24) -> 17 | S6: =SUM(S7:S24) -> 21 | ... W6: =SUM(W7:W24) -> 30
B7: 2 | C7: 교통상황수집 | D7: =교통상황수집!A4 -> 46 | E7: =교통상황수집!G4 -> 58 | H7: 2010이전 | I7: 39 | J7: 103 | L7: 11 | M7: 11 | N7: 15 | O7: 9 | T7: 5 | U7: 1
B8: 3 | C8: 차량번호인식 | D8: ='차량번호-수정'!A4 -> 19 | E8: =__xlnm._FilterDatabase79[대수] -> 26 | H8: 2011 | I8: 33 | J8: 112 | L8: 15 | M8: 17 | N8: 54 | O8: 12 | P8: 8 | Q8: 2 | T8: 4 | U8: 5
B9: 4 | C9: 초등학교 연계 | D9: ='초등학교_관리번호 재 부여'!A4 -> 43 | E9: ='초등학교_관리번호 재 부여'!$G$4 -> 260 | H9: 2012 | I9: 36 | J9: 123 | L9: 15 | M9: 2 | O9: 27 | P9: 57 | S9: 4 | T9: 2
B10: 5 | C10: 재난재해 연계 | D10: =재난재해!A4 -> 53 | E10: =재난재해!$G$4 -> 78 | H10: 2013 | I10: 66 | J10: 229 | O10: 15 | Q10: 32 | R10: 7 | S10: 13 | T10: 65 | U10: 6 | V10: 23 | W10: 21
B11: 6 | C11: 시설물 연계 | D11: =시설물!A4 -> 11 | E11: =시설물!$G$4 -> 11 | H11: 2014 | I11: 63 | J11: 216 | Q11: 22 | R11: 10 | S11: 2 | T11: 22 | U11: 17 | V11: 26 | W11: 7
B12: 7 | C12: 주정차 연계 | D12: =주정차!A3 -> 76 | E12: =주정차!$F$3 -> 230 | F12: 교통정책과-7573호(25.03.24.) 5개소 14대 연계 요청 | H12: 2015 | I12: 94 | J12: 319 | S12: 2 | T12: 5 | U12: 6 | V12: 10 | W12: 2
B13: 8 | C13: 교차로신호등연계 | D13: =신호등교차로cctv!A2 -> 51 | E13: =신호등교차로cctv!E2 -> 51 | H13: 2016 | I13: 93 | J13: 308 | L13: 4 | U13: 3
B14: 9 | C14: VDS | D14: =VDS!A4 -> 9 | E14: =__xlnm._FilterDatabase8310[대수] -> 9 | H14: 2017 | I14: 60 | J14: 208 | T14: 1
H15: 2018 | I15: 95 | J15: 338
H16: 2019 | I16: 53 | J16: 209
H17: 2020 | I17: 50 | J17: 181
H18: 2021 | I18: 57 | J18: 188
H19: 2022 | I19: 67 | J19: 216
H20: 2022 사송 | I20: 17 | J20: 73
H21: 2023 | I21: 80 | J21: 242 | U21: 2
H22: 2023 사송 | I22: 16 | J22: 72
H23: 2024 | I23: 39 | J23: 128
H24: 2024 사송 | I24: 31 | J24: 128
H25: 2025 | I25: 11 | J25: 39 | X25: 범죄취약지 CCTV : 2개소 8대 신규설치 지능형 CCTV : 9개소 31대 신규설치

Sheet 방범
A2: 개소 | B2: 관리 번호 | C2: 관리부서 | D2: 행정동 | E2: 카메라명 | F2: 대수 | G2: PTZ (회전) | H2: 고정 | I2: 실제설치장소(주변) | J2: 설치년도 | K2: 설치년월 | L2: 변경년도 | M2: 위도 | N2: 경도 | O2: 설치목적
A3: =SUM(A4:A1068) -> 1000 | F3: =SUM(F4:F1068) -> 3432 | G3: =SUM(G4:G1068) -> 787 | H3: =SUM(H4:H1068) -> 2645
A4: 1 | B4: 1 | C4: 정보통신과 | D4: 중앙동 | E4: 양산종합운동장(정문) | F4: =SUM(G4,H4) -> 3 | G4: 1 | H4: 2 | I4: 운동장 커피숍 앞 | J4: 2013 | K4: 2013.12 | L4: 2023.12 | M4: 35.34438 | N4: 129.03354 | O4: 생활방범
A5: 1 | B5: 2 | C5: 정보통신과 | D5: 중앙동 | E5: 양산종합운동장(보조구장) | F5: =SUM(G5,H5) -> 3 | G5: 1 | H5: 2 | I5: 흡연부스 옆 | J5: 2013 | K5: 2013.12 | L5: 2023.12 | M5: 35.345156 | N5: 129.03364 | O5: 생활방범
A6: 1 | B6: 3 | C6: 정보통신과 | D6: 삼성동 | E6: 한전사거리 | F6: =SUM(G6,H6) -> 4 | G6: 1 | H6: 3 | I6: 신기동 123-5(안전빌라) | J6: 2013 | K6: 2013.12 | L6: 2023.12 | M6: 35.354333 | N6: 129.0475 | O6: 생활방범
A7: 1 | B7: 4 | C7: 정보통신과 | D7: 삼성동 | E7: 조일빌라 | F7: =SUM(G7,H7) -> 2 | G7: - | H7: 2 | I7: 신기동 179(등산로입구) | J7: 2012 | K7: 2022.06 | L7: 2022.03 | M7: 35.354119 | N7: 129.04886 | O7: 생활방범
A8: 1 | B8: 5 | C8: 정보통신과 | D8: 중앙동 | E8: 중앙일보지국사거리 | F8: =SUM(G8,H8) -> 3 | G8: 1 | H8: 2 | I8: 남부동 466-4(중앙일보 앞) | J8: 2013 | K8: 2013.12 | L8: 2023.12 | M8: 35.337299 | N8: 129.03807 | O8: 생활방범
A9: 1 | B9: 6 | C9: 정보통신과 | D9: 중앙동 | E9: 중부동교육청 | F9: =SUM(G9,H9) -> 4 | G9: 1 | H9: 3 | I9: 남부동 297-7(원광어린이집 앞) | J9: 2010 | K9: 2021.03 | L9: 2021.03 | M9: 35.342151 | N9: 129.03874 | O9: 생활방범
A10: 1 | B10: 7 | C10: 정보통신과 | D10: 중앙동 | E10: 국민건강보험사거리 | F10: =SUM(G10,H10) -> 4 | G10: 1 | H10: 3 | I10: 중부동 604-5(국민건강보험공단 앞) | J10: 2013 | K10: 2013 | L10: 2019.12 | M10: 35.340436 | N10: 129.03354 | O10: 어린이보호
A11: 1 | B11: 8 | C11: 정보통신과 | D11: 중앙동 | E11: 남부2리마을회관 | F11: =SUM(G11,H11) -> 3 | G11: 1 | H11: 2 | I11: 남부동 455-4(남부2리 마을회관 맞은편) | J11: 2013 | K11: 2013.12 | L11: 2023.12 | M11: 35.339784 | N11: 129.03364 | O11: 생활방범
A12: 1 | B12: 13 | C12: 정보통신과 | D12: 양주동 | E12: 양주초등학교 | F12: =SUM(G12,H12) -> 3 | G12: 0 | H12: 3 | I12: 중부동 727(양주초등학교 정문 맞은 편) | J12: 2016 | K12: 2016.12 | L12: 2016.12 | M12: 35.342352 | N12: 129.0475 | O12: 어린이보호
A13: 1 | B13: 14 | C13: 정보통신과 | D13: 물금읍 | E13: 황산초등학교 | F13: =SUM(G13,H13) -> 3 | G13: - | H13: 3 | I13: 범어리 2716-15(물금 민원사무소 맞은 편 일신건영휴먼아파트 108동 앞) | J13: 2013 | K13: 2013 | L13: 2023.03 | M13: 35.331713 | N13: 129.04886 | O13: 어린이보호
A14: 1 | B14: 15 | C14: 정보통신과 | D14: 서창동 | E14: 북부사거리 | F14: =SUM(G14,H14) -> 2 | G14: - | H14: 2 | I14: 삼호동 201-2(GS25편의점 맞은 편) | J14: 2016 | K14: 2016.12 | L14: 2016.12 | M14: 35.419789 | N14: 129.03807 | O14: 생활방범
A15: 1 | B15: 16 | C15: 정보통신과 | D15: 양주동 | E15: 양주동행정복지센터 앞 횡단보도 (주정차 폴) | F15: =SUM(G15,H15) -> 2 | G15: - | H15: 2 | I15: 중부동 697-3(양주동행정복지센터 앞 횡단보도) | J15: 2010 | K15: 2021.03 | L15: 2024.05 | M15: 35.336736 | N15: 129.03874 | O15: 어린이보호
A16: 1 | B16: 17 | C16: 정보통신과 | D16: 양주동 | E16: 신양초등학교 | F16: =SUM(G16,H16) -> 3 | G16: - | H16: 3 | I16: 남부동 888(신양초에서 하천공원 쪽 횓단보도 옆) | J16: 2012 | K16: 2022.03 | L16: 2022.03 | M16: 35.333222 | N16: 129.03597 | O16: 어린이보호
A17: 1 | B17: 18 | C17: 정보통신과 | D17: 양주동 | E17: 파리바게뜨 맞은편 (주정차 폴) | F17: =SUM(G17,H17) -> 2 | G17: - | H17: 2 | I17: 남부동 565-2(벽산블루밍아파트 102동 앞 파리바게트 맞은 편) | J17: 2010 | K17: 2021.03 | L17: 2024.05 | M17: 35.331739 | N17: 129.03828 | O17: 어린이보호
A18: 1 | B18: 19 | C18: 정보통신과 | D18: 삼성동 | E18: 삼성초등학교 | F18: =SUM(G18,H18) -> 3 | G18: - | H18: 3 | I18: 북정동 408-3(원룸영하우스 맞은 편) | J18: 2013 | K18: 2013.10 | L18: 2023.12 | M18: 35.364551 | N18: 129.03263 | O18: 어린이보호
A19: 1 | B19: 20 | C19: 정보통신과 | D19: 물금읍 | E19: 범어근린공원 | F19: =SUM(G19,H19) -> 4 | G19: - | H19: 4 | I19: 범어근린공원 | J19: 2010 | K19: 2021 | L19: 2024.05 | M19: 35.329655 | N19: 129.00005 | O19: 어린이보호
A20: 1 | B20: 22 | C20: 정보통신과 | D20: 물금읍 | E20: 현대아파트 108동 옆 오봉초등학교 입구 사거리 (주정차 폴) | F20: =SUM(G20,H20) -> 1 | G20: - | H20: 1 | I20: 물금읍 범어리 682-1(현대아파트 108동 옆 오봉초등학교 입구 사거리) | J20: 2013 | K20: 2013.10. | L20: 2024.05 | M20: 35.335108 | N20: 129.17638 | O20: 어린이보호
A21: 1 | B21: 23 | C21: 정보통신과 | D21: 물금읍 | E21: 서남초등학교 | F21: =SUM(G21,H21) -> 3 | G21: - | H21: 3 | I21: 범어리 549(덕산아파트 101동 옆 횡단보도 근처) | J21: 2013 | K21: 2013.10 | L21: 2023.03 | M21: 35.327972 | N21: 129.03219 | O21: 어린이보호
A22: 1 | B22: 24 | C22: 정보통신과 | D22: 소주동 | E22: 백동초등학교 | F22: =SUM(G22,H22) -> 3 | G22: - | H22: 3 | I22: 소주동 1239-211(다모아DDC마트 맞은 편) | J22: 2013 | K22: 2013.10. | L22: 2024.11 | M22: 35.406602 | N22: 129.02335 | O22: 어린이보호
A23: 1 | B23: 25 | C23: 정보통신과 | D23: 서창동 | E23: 대운초등학교 | F23: =SUM(G23,H23) -> 3 | G23: - | H23: 3 | I23: 삼호동 885-5(쟌피오메르 맞은 편) | J23: 2013 | K23: 2013.10. | L23: 2025.05 | M23: 35.408749 | N23: 129.0283 | O23: 어린이보호
A24: 1 | B24: 26 | C24: 정보통신과 | D24: 평산동 | E24: 평산초등학교 | F24: =SUM(G24,H24) -> 4 | G24: - | H24: 4 | I24: 평산동 51-75(미래빌 앞) | J24: 2010 | K24: 2021 | L24: 2019.12 | M24: 35.385916 | N24: 129.048 | O24: 어린이보호
A25: 1 | B25: 27 | C25: 정보통신과 | D25: 평산동 | E25: 천성초등학교 | F25: =SUM(G25,H25) -> 3 | G25: - | H25: 3 | I25: 평산동 361(굽네치킨 앞) | J25: 2010 | K25: 2021.03 | L25: 2021.03 | M25: 35.379872 | N25: 129.0421 | O25: 어린이보호
A26: 1 | B26: 28 | C26: 정보통신과 | D26: 양주동 | E26: 양산지하철역 | F26: =SUM(G26,H26) -> 2 | G26: 1 | H26: 1 | I26: 중부동 655-1(리더스공인중개사 옆) | J26: 2009 | K26: 2017.07 | L26: 2024.03 | M26: 35.342772 | N26: 129.00576 | O26: 생활방범
A27: 1 | B27: 29 | C27: 정보통신과 | D27: 양주동 | E27: 양산시외버스터미널 | F27: =SUM(G27,H27) -> 2 | G27: - | H27: 2 | I27: 중부동 710-2(양산터미널 스타벅스 앞) | J27: 2015 | K27: 2015.1 | L27: 2015.1. | M27: 35.335472 | N27: 128.99796 | O27: 생활방범
A28: 1 | B28: 30 | C28: 정보통신과 | D28: 소주동 | E28: 주남저수지 인근 | F28: =SUM(G28,H28) -> 3 | G28: - | H28: 3 | I28: 주남저수지 인근 | J28: 2017 | K28: 2017 | L28: 2024.05 | M28: 35.426228 | N28: 129.14965 | O28: 어린이보호
A29: 1 | B29: 31 | C29: 정보통신과 | D29: 덕계동 | E29: 덕계초등학교 | F29: =SUM(G29,H29) -> 3 | G29: 1 | H29: 2 | I29: 덕계동 724-7(T world 앞) | J29: 2017 | K29: 2018 | L29: 2017.08. 2018.05. | M29: 35.374928 | N29: 129.1728 | O29: 어린이보호
A30: 1 | B30: 32 | C30: 정보통신과 | D30: 덕계동 | E30: 꽃피는시골그집 | F30: =SUM(G30,H30) -> 3 | G30: - | H30: 3 | I30: 꽃피는시골그집 앞 삼거리 | J30: 2014 | K30: 2014 | L30: 2024.05 | M30: 34.965534 | N30: 127.48671 | O30: 어린이보호
A31: 1 | B31: 33 | C31: 정보통신과 | D31: 물금읍 | E31: 명성빌라 | F31: =SUM(G31,H31) -> 4 | G31: - | H31: 4 | I31: 가촌리 555-1(명성빌라 맞은편) | J31: 2010 | K31: 2021.03 | L31: 2021.03 | M31: 35.322033 | N31: 129.1457 | O31: 생활방범
A32: 1 | B32: 34 | C32: 정보통신과 | D32: 서창동 | E32: 서창고교 | F32: =SUM(G32,H32) -> 3 | G32: 1 | H32: 2 | I32: 삼호동 758-10(한창원롬 입구) | J32: 2009 | K32: 2018.06 | L32: 2017.08. 2018.05. | M32: 35.413261 | N32: 129.17359 | O32: 생활방범
A33: 1 | B33: 35 | C33: 정보통신과 | D33: 삼성동 | E33: 한국전력 | F33: =SUM(G33,H33) -> 3 | G33: 1 | H33: 2 | I33: 신기동 276-8(로얄파크빌리지 4차 맞은 편) | J33: 2009 | K33: 2018.06 | L33: 2017.08. 2018.05. | M33: 35.352611 | N33: 129.0464 | O33: 생활방범
A34: 1 | B34: 36 | C34: 정보통신과 | D34: 삼성동 | E34: 북정동 버스종점 | F34: =SUM(G34,H34) -> 3 | G34: 1 | H34: 2 | I34: 북정동 846-13(남양매직 공장 입구) | J34: 2017 | K34: 2018.06 | L34: 2017.08. 2018.05. | M34: 35.365 | N34: 129.04977 | O34: 생활방범
A35: 1 | B35: 37 | C35: 정보통신과 | D35: 평산동 | E35: 평산초교 | F35: =SUM(G35,H35) -> 4 | G35: 1 | H35: 3 | I35: 평산동 41(소리엘피아노 맞은 편) | J35: 2017 | K35: 2018.06 | L35: 2017.08. 2018.05. | M35: 35.38591 | N35: 129.15305 | O35: 어린이보호
A36: 1 | B36: 38 | C36: 정보통신과 | D36: 상북면 | E36: 내석마을 | F36: =SUM(G36,H36) -> 2 | G36: 1 | H36: 1 | I36: 상북면 내석리 561-1((내석노인정 옆) | J36: 2017 | K36: 2018.06 | L36: 2017.08. 2018.05. | M36: 35.449348 | N36: 129.02084 | O36: 생활방범
A37: 1 | B37: 39 | C37: 정보통신과 | D37: 삼성동 | E37: 신기초등학교 | F37: =SUM(G37,H37) -> 2 | G37: 1 | H37: 1 | I37: 신기동 511-6(바푸리숯불김밥 맞은 편) | J37: 2017 | K37: 2018.06 | L37: 2017.08. 2018.05. | M37: 35.352424 | N37: 129.04119 | O37: 어린이보호
A38: 1 | B38: 40 | C38: 정보통신과 | D38: 동면 | E38: 동산초등학교 | F38: =SUM(G38,H38) -> 2 | G38: 1 | H38: 1 | I38: 금산리 771-2(동산초 입구 버스정류장 옆) | J38: 2010 | K38: 2017.07 | L38: 2017.8. | M38: 35.303898 | N38: 129.02515 | O38: 어린이보호
A39: 1 | B39: 41 | C39: 정보통신과 | D39: 물금읍 | E39: 물금초등학교 | F39: =SUM(G39,H39) -> 2 | G39: - | H39: 2 | I39: 물금읍 가촌리 1318-8(민스모터스 맞은 편) | J39: 2010 | K39: 2010 | L39: 2019.12 | M39: 35.315626 | N39: 128.99009 | O39: 어린이보호
A40: 1 | B40: 42 | C40: 정보통신과 | D40: 강서동 | E40: 어곡초등학교 | F40: =SUM(G40,H40) -> 2 | G40: - | H40: 2 | I40: 어곡동 182-8(동아식당 맞은 편) | J40: 2010 | K40: 2010 | L40: 2017.02. | M40: 35.315606 | N40: 129.027 | O40: 어린이보호
A41: 1 | B41: 43 | C41: 정보통신과 | D41: 원동면 | E41: 화제초등학교 | F41: =SUM(G41,H41) -> 2 | G41: - | H41: 2 | I41: 화제리 2041-4(화제초 입구 삼거리) | J41: 2010 | K41: 2010 | L41: 2017.02. | M41: 35.351619 | N41: 128.97708 | O41: 어린이보호
A42: 1 | B42: 44 | C42: 정보통신과 | D42: 원동면 | E42: 원동초등학교 | F42: =SUM(G42,H42) -> 3 | G42: - | H42: 3 | I42: 원리 951(원동초 입구 좌측) | J42: 2010 | K42: 2010 | L42: 2021.03 | M42: 35.363909 | N42: 128.92158 | O42: 어린이보호
A43: 1 | B43: 45 | C43: 정보통신과 | D43: 중앙동 | E43: 북부4공영주차장 | F43: =SUM(G43,H43) -> 3 | G43: 1 | H43: 2 | I43: 공영주차장 | J43: 2010 | K43: 2010 | L43: 2024.05 | M43: 35.344238 | N43: 129.03745 | O43: 어린이보호
A44: 1 | B44: 46 | C44: 정보통신과 | D44: 평산동 | E44: 신명초등학교 | F44: =SUM(G44,H44) -> 2 | G44: 1 | H44: 1 | I44: 평산동 568-32(태원아파크 입구 삼거리) | J44: 2010 | K44: 2010 | L44: 2018.06 | M44: 35.386291 | N44: 129.14497 | O44: 어린이보호
A45: 1 | B45: 47 | C45: 정보통신과 | D45: 서창동 | E45: 서창초등학교 | F45: =SUM(G45,H45) -> 2 | G45: 0 | H45: 2 | I45: 삼호동 622-3(매직자동자정비 앞) | J45: 2010 | K45: 2010 | L45: 2018.06 | M45: 35.417874 | N45: 129.17234 | O45: 어린이보호
A46: 1 | B46: 49 | C46: 정보통신과 | D46: 상북면 | E46: 상북초등학교 | F46: =SUM(G46,H46) -> 3 | G46: - | H46: 3 | I46: 석계리 96-1(세명건강원 앞) | J46: 2010 | K46: 2010 | L46: 2018.06 | M46: 35.415543 | N46: 129.0608 | O46: 어린이보호
A47: 1 | B47: 50 | C47: 정보통신과 | D47: 상북면 | E47: 소토초등학교 | F47: =SUM(G47,H47) -> 2 | G47: - | H47: 2 | I47: 소토리 657-1(소토초 입구) | J47: 2010 | K47: 2017.11 | L47: 2023.12 | M47: 35.379982 | N47: 129.05282 | O47: 어린이보호
A48: 1 | B48: 51 | C48: 정보통신과 | D48: 상북면 | E48: 좌삼초등학교 | F48: =SUM(G48,H48) -> 2 | G48: - | H48: 2 | I48: 좌삼리 450-5(경동기업 앞) | J48: 2010 | K48: 2010 | L48: 2023.03 | M48: 35.436901 | N48: 129.04663 | O48: 생활방범
A49: 1 | B49: 52 | C49: 정보통신과 | D49: 하북면 | E49: 용연초등학교 | F49: =SUM(G49,H49) -> 2 | G49: - | H49: 2 | I49: 백록리 1250-2(버스정류장 옆) | J49: 2010 | K49: 2010 | L49: 2017.11 | M49: 35.448869 | N49: 129.07454 | O49: 어린이보호
A50: 1 | B50: 53 | C50: 정보통신과 | D50: 하북면 | E50: 하북초등학교 | F50: =SUM(G50,H50) -> 3 | G50: - | H50: 3 | I50: 순지리 689-4(맞은편 하북초 학교 안) | J50: 2010 | K50: 2010 | L50: 2016.12. 2019.05. | M50: 35.490508 | N50: 129.08772 | O50: 어린이보호
A51: 1 | B51: 54 | C51: 정보통신과 | D51: 삼성동 | E51: 동부아파트앞(황가네슈퍼앞) | F51: =SUM(G51,H51) -> 2 | G51: - | H51: 2 | I51: 북정동 710-6(황가네 슈퍼 앞) | J51: 2010 | K51: 2010 | L51: 2016 | M51: 35.356163 | N51: 129.04737 | O51: 생활방범
A52: 1 | B52: 55 | C52: 정보통신과 | D52: 양주동 | E52: 자연유치원 | F52: =SUM(G52,H52) -> 2 | G52: - | H52: 2 | I52: 중부동 666-2(서이동 노인회관 옆) | J52: 2010 | K52: 2010 | L52: 2014 | M52: 35.34003 | N52: 129.03172 | O52: 어린이보호
A53: 1 | B53: 56 | C53: 정보통신과 | D53: 양주동 | E53: 삽량근린공원 | F53: =SUM(G53,H53) -> 2 | G53: 1 | H53: 1 | I53: 남부동 601-2 (청어람 쌍용아파트 사이 / 쌍용 110동앞) | J53: 2010 | K53: 2010 | L53: 2017.8. | M53: 35.332538 | N53: 129.03142 | O53: 어린이보호
A54: 1 | B54: 57 | C54: 정보통신과 | D54: 중앙동 | E54: 신기1리마을(명곡마을) | F54: =SUM(G54,H54) -> 2 | G54: - | H54: 2 | I54: 북부동 862(양산고 옆 지하차도 웅상 방향 지나서) | J54: 2010 | K54: 2010 | L54: 2014 | M54: 35.348045 | N54: 129.04625 | O54: 생활방범
A55: 1 | B55: 58 | C55: 정보통신과 | D55: 서창동 | E55: 파머스마켓 | F55: =SUM(G55,H55) -> 2 | G55: 1 | H55: 1 | I55: 삼호동 1016-9(맥도날드 주차장 횡단보도 근처) | J55: 2010 | K55: 2010 | L55: 2017.8. | M55: 35.410753 | N55: 129.16496 | O55: 생활방범
A56: 1 | B56: 59 | C56: 정보통신과 | D56: 동면 | E56: 계석마을 | F56: =SUM(G56,H56) -> 3 | G56: - | H56: 3 | I56: 동면 석산리 131-17(버스정류장 옆) | J56: 2010 | K56: 2010 | L56: 2023.03 | M56: 35.330106 | N56: 129.03923 | O56: 생활방범
A57: 1 | B57: 60 | C57: 정보통신과 | D57: 물금읍 | E57: 범어우체국 | F57: =SUM(G57,H57) -> 2 | G57: - | H57: 2 | I57: 물금읍 범어리 650-1(GS25 편의점 맞은 편) | J57: 2010 | K57: 2010 | L57: 2016.12. | M57: 35.331459 | N57: 129.00137 | O57: 생활방범
A58: 1 | B58: 61 | C58: 정보통신과 | D58: 서창동 | E58: 34호근린공원 | F58: =SUM(G58,H58) -> 2 | G58: - | H58: 2 | I58: 삼호동 886-1(서창도서관 뒤편 나무테크 계단) | J58: 2010 | K58: 2010 | L58: 2021.03 | M58: 35.409516 | N58: 129.17429 | O58: 도시공원
A59: 1 | B59: 62 | C59: 정보통신과 | D59: 물금읍 | E59: 남양산역 3번출구 | F59: 3 | G59: - | H59: 3 | I59: 물금읍 범어리 2714-12(남양산역 3번 출구 맞은 편) | J59: 2010 | K59: 2010 | L59: 2023.12 | M59: 35.326362 | N59: 129.01912 | O59: 생활방범
A60: 1 | B60: 63-1 | C60: 정보통신과 | D60: 양주동 | E60: 양산역 1번출구 | F60: =SUM(G60,H60) -> 3 | G60: 1 | H60: 2 | I60: 중부동 720(양산역 1번 출구 지나 횡단보도 근처) | J60: 2010 | K60: 2015.6 | M60: 35.337654 | N60: 129.02591 | O60: 생활방범
A61: 1 | B61: 63-2 | C61: 정보통신과 | D61: 양주동 | E61: 양산역 3번출구 | F61: =SUM(G61,H61) -> 3 | G61: 1 | H61: 2 | I61: 중부동 721(양산역 3번 출구 지나 횡단보도 근처) | J61: 2010 | K61: 2015.6 | L61: 2015.6. | M61: 35.339491 | N61: 129.02724 | O61: 생활방범
A62: 1 | B62: 64 | C62: 정보통신과 | D62: 양주동 | E62: 양주유치원 | F62: =SUM(G62,H62) -> 4 | G62: 1 | H62: 3 | I62: 중부동 601-11(게이트맨 열쇠집 맞은 편) | J62: 2010 | K62: 2010 | L62: 2017.08. 2018.05. | M62: 35.340805 | N62: 129.03498 | O62: 어린이보호
A63: 1 | B63: 65 | C63: 정보통신과 | D63: 양주동 | E63: 자연유치원주변 | F63: =SUM(G63,H63) -> 1 | G63: 1 | H63: - | I63: 중부동 664-8(사랑할개 애견샾 앞) | J63: 2010 | K63: 2010 | L63: 2017.8. | M63: 35.340426 | N63: 129.03273 | O63: 생활방범
A64: 1 | B64: 70 | C64: 정보통신과 | D64: 양주동 | E64: 샛별유치원 | F64: =SUM(G64,H64) -> 4 | G64: 1 | H64: 3 | I64: 중부동 302-2(웅천슈퍼 앞) | J64: 2010 | K64: 2010 | L64: 2016.12. | M64: 35.343884 | N64: 129.03988 | O64: 생활방범
A65: 1 | B65: 71 | C65: 정보통신과 | D65: 삼성동 | E65: 숲속유치원 | F65: =SUM(G65,H65) -> 4 | G65: 1 | H65: 3 | I65: 북정동 532-2(대동 전기,철물,공구 맞은 편) | J65: 2010 | K65: 2010 | L65: 2016.12. | M65: 35.361254 | N65: 129.04923 | O65: 어린이보호
A66: 1 | B66: 72 | C66: 정보통신과 | D66: 물금읍 | E66: 누리유치원 | F66: =SUM(G66,H66) -> 4 | G66: 1 | H66: 3 | I66: 물금읍 범어리 505-7(국악청 아카데미 맞은 편) | J66: 2010 | K66: 2010 | L66: 2016.12. | M66: 35.335393 | N66: 129.00338 | O66: 어린이보호
A67: 1 | B67: 73 | C67: 정보통신과 | D67: 물금읍 | E67: 중앙유치원 | F67: =SUM(G67,H67) -> 3 | G67: 1 | H67: 2 | I67: 물금읍 범어리 580-5(중앙유치원 차량 출입구 맞은 편) | J67: 2011 | K67: 2011 | L67: 2017.08. 2018.05. | M67: 35.329077 | N67: 129.00062 | O67: 어린이보호
A68: 1 | B68: 74 | C68: 정보통신과 | D68: 물금읍 | E68: 넥센타이어 사원@ 입구 | F68: =SUM(G68,H68) -> 3 | G68: 1 | H68: 2 | I68: 범어리 683-1(일신약국 맞은 편 횡단보도) | J68: 2011 | K68: 2011 | L68: 2017.08. 2018.05. | M68: 35.333737 | N68: 129.00854 | O68: 어린이보호
A69: 1 | B69: 75 | C69: 정보통신과 | D69: 강서동 | E69: 애육원 | F69: =SUM(G69,H69) -> 3 | G69: 1 | H69: 2 | I69: 교동 282(애육원 입구) | J69: 2011 | K69: 2011 | L69: 2017.08. 2018.05. | M69: 35.346933 | N69: 129.0233 | O69: 어린이보호
A70: 1 | B70: 76 | C70: 정보통신과 | D70: 강서동 | E70: 벧엘 어린이집 | F70: =SUM(G70,H70) -> 4 | G70: - | H70: 4 | I70: 교동 244-6(상가주차장 옆 횡단보도) | J70: 2011 | K70: 2011 | L70: 2024.03 | M70: 35.343 | N70: 129.02648 | O70: 어린이보호
A71: 1 | B71: 77 | C71: 정보통신과 | D71: 평산동 | E71: 웅상여중 | F71: =SUM(G71,H71) -> 3 | G71: 1 | H71: 2 | I71: 평산동 302-3(웅상여중 입구 삼거리) | J71: 2011 | K71: 2011 | L71: 2021.03 | M71: 35.376087 | N71: 129.14563 | O71: 어린이보호
A72: 1 | B72: 79 | C72: 정보통신과 | D72: 평산동 | E72: 무지개유치원 | F72: =SUM(G72,H72) -> 3 | G72: 1 | H72: 2 | I72: 덕계동 811-45(대승2차 201동 앞 교량지나서 바로) | J72: 2011 | K72: 2011 | L72: 2016.12 | M72: 35.384399 | N72: 129.15618 | O72: 어린이보호
A73: 1 | B73: 80 | C73: 정보통신과 | D73: 서창동 | E73: 새싹어린이집 | F73: =SUM(G73,H73) -> 3 | G73: - | H73: 3 | I73: 삼호동 763-2(이화어린이집 앞) | J73: 2011 | K73: 2011 | L73: 2016.12. | M73: 35.413082 | N73: 129.17209 | O73: 어린이보호
A74: 1 | B74: 81 | C74: 정보통신과 | D74: 소주동 | E74: 들꽃유치원(다숲@) | F74: =SUM(G74,H74) -> 3 | G74: 1 | H74: 2 | I74: 소주동 960-108(대동아파트 입구 삼거리) | J74: 2011 | K74: 2011 | L74: 2018.6. | M74: 35.412471 | N74: 129.14931 | O74: 생활방범
A75: 1 | B75: 82 | C75: 정보통신과 | D75: 서창동 | E75: 목원유치원 | F75: =SUM(G75,H75) -> 4 | G75: 1 | H75: 3 | I75: 삼호동 812-4(제진한의원 맞은 편) | J75: 2011 | K75: 2011 | L75: 2016.12. | M75: 35.409447 | N75: 129.17182 | O75: 어린이보호
A76: 1 | B76: 83 | C76: 정보통신과 | D76: 서창동 | E76: 참좋은유치원 | F76: =SUM(G76,H76) -> 3 | G76: 1 | H76: 2 | I76: 명동 1078-2(명동교회 주차장) | J76: 2011 | K76: 2011 | L76: 2018.6 | M76: 35.405078 | N76: 129.16885 | O76: 어린이보호
A77: 1 | B77: 84 | C77: 정보통신과 | D77: 소주동 | E77: 아이사랑유치원 | F77: =SUM(G77,H77) -> 3 | G77: 0 | H77: 3 | I77: 소주동 353-1(장백한의원 맞은 편) | J77: 2011 | K77: 2011 | L77: 2018.6 | M77: 35.407297 | N77: 129.15914 | O77: 생활방범
A78: 1 | B78: 86 | C78: 정보통신과 | D78: 상북면 | E78: 아이아띠유치원 | F78: =SUM(G78,H78) -> 4 | G78: 1 | H78: 3 | I78: 석계리 239-13(GS25 맞은 편) | J78: 2011 | K78: 2011 | L78: 2017.08. 2018.05. | M78: 35.414765 | N78: 129.05886 | O78: 어린이보호
A79: 1 | B79: 87 | C79: 정보통신과 | D79: 하북면 | E79: 통도사유치원 | F79: =SUM(G79,H79) -> 4 | G79: 1 | H79: 3 | I79: 순지리 651-1(수한의원 맞은 편) | J79: 2011 | K79: 2011 | L79: 2017.08. 2018.05. | M79: 35.49279 | N79: 129.08712 | O79: 어린이보호
A80: 1 | B80: 88 | C80: 정보통신과 | D80: 소주동 | E80: 백동마을회관앞사거리 | F80: =SUM(G80,H80) -> 4 | G80: 1 | H80: 3 | I80: 소주동 752-1(로뎀나무음악학원 앞) | J80: 2011 | K80: 2011 | L80: 2018.6 | M80: 35.407343 | N80: 129.15424 | O80: 어린이보호
A81: 1 | B81: 89 | C81: 정보통신과 | D81: 물금읍 | E81: 황산초교 | F81: =SUM(G81,H81) -> 4 | G81: 1 | H81: 3 | I81: 범어리 2693-16(셀레임헤어 맞은 편) | J81: 2011 | K81: 2011 | L81: 2016.12. | M81: 35.330387 | N81: 129.0095 | O81: 어린이보호
A82: 1 | B82: 90 | C82: 정보통신과 | D82: 삼성동 | E82: 북정초교 | F82: =SUM(G82,H82) -> 2 | G82: 1 | H82: 1 | I82: 북정동 884-1(북정초 주차장 입구) | J82: 2011 | K82: 2011 | L82: 2017.8. | M82: 35.361098 | N82: 129.04169 | O82: 어린이보호
A83: 1 | B83: 91 | C83: 정보통신과 | D83: 물금읍 | E83: 범어초교 | F83: =SUM(G83,H83) -> 4 | G83: 1 | H83: 3 | I83: 범어리 385-1(범어초교 입구) | J83: 2011 | K83: 2011 | L83: 2016.12. 2017.07. | M83: 35.330825 | N83: 129.00602 | O83: 어린이보호
A84: 1 | B84: 92 | C84: 정보통신과 | D84: 물금읍 | E84: 한국관 맞은 편 (주정차 폴) | F84: =SUM(G84,H84) -> 1 | G84: - | H84: 1 | I84: 범어리 2678-6(한국관 맞은 편) | J84: 2011 | K84: 2011 | L84: 2024.05 | M84: 35.361664 | N84: 129.05166 | O84: 어린이보호
A85: 1 | B85: 93 | C85: 정보통신과 | D85: 삼성동 | E85: 에덴어린이집 | F85: =SUM(G85,H85) -> 2 | G85: 1 | H85: 1 | I85: 북정동 549(한일제일교회 입구) | J85: 2011 | K85: 2011 | L85: 2017.08. 2018.05. | M85: 35.359092 | N85: 129.04979 | O85: 어린이보호
A86: 1 | B86: 94 | C86: 정보통신과 | D86: 삼성동 | E86: 삼성어린이집 | F86: =SUM(G86,H86) -> 3 | G86: 1 | H86: 2 | I86: 북정동 169-3(F-ONE 정비 맞은 편) | J86: 2011 | K86: 2011 | L86: 2017.08. 2018.05. | M86: 35.369473 | N86: 129.04808 | O86: 어린이보호
A87: 1 | B87: 95 | C87: 정보통신과 | D87: 양주동 | E87: 연아유치원 | F87: =SUM(G87,H87) -> 3 | G87: 1 | H87: 2 | I87: 중부동 234-14(반야사 근처) | J87: 2011 | K87: 2011 | L87: 2017.08. 2018.05. | M87: 35.344436 | N87: 129.04177 | O87: 어린이보호
A88: 1 | B88: 96 | C88: 정보통신과 | D88: 상북면 | E88: 문화의집입구 | F88: =SUM(G88,H88) -> 3 | G88: 1 | H88: 2 | I88: 상북면 석계리 34-15(태은스트랩 맞은 편) | J88: 2011 | K88: 2011 | L88: 2017.08. 2018.05. | M88: 35.418201 | N88: 129.06599 | O88: 생활방범
A89: 1 | B89: 97 | C89: 정보통신과 | D89: 양주동 | E89: 양산역 | F89: 7 | G89: 1 | H89: 6 | I89: 중부동 716(양산역-워터파크 가는 육교 입구) | J89: 2011 | K89: 2011 | L89: 2024.05 | M89: 35.337899 | N89: 129.02574 | O89: 생활방범
A90: 1 | B90: 98 | C90: 정보통신과 | D90: 양주동 | E90: 양주동사무소뒤어린이공원 | F90: =SUM(G90,H90) -> 4 | G90: 1 | H90: 3 | I90: 중부동 697-2(양주동 행정복지센터 뒤 공원 내) | J90: 2011 | K90: 2011 | L90: 2016.12. | M90: 35.336494 | N90: 129.0328 | O90: 생활방범
A91: 1 | B91: 99 | C91: 정보통신과 | D91: 삼성동 | E91: 하이츠빌라앞 | F91: =SUM(G91,H91) -> 4 | G91: 1 | H91: 3 | I91: 신기동 401-2(퍼스빌 앞 사거리) | J91: 2011 | K91: 2011 | L91: 2018.05. 2019.12. | M91: 35.352013 | N91: 129.0432 | O91: 생활방범
A92: 1 | B92: 100 | C92: 정보통신과 | D92: 서창동 | E92: 롯데마트위공원 | F92: =SUM(G92,H92) -> 2 | G92: 1 | H92: 1 | I92: 삼호동 1012-6(아랫섬어린이공원 옆 까칠한 황금짬봉 맞은편) | J92: 2011 | K92: 2011 | L92: 2017.08. 2018.05. | M92: 35.410754 | N92: 129.16583 | O92: 생활방범
A93: 1 | B93: 101 | C93: 정보통신과 | D93: 삼성동 | E93: 마을회관앞사거리 | F93: =SUM(G93,H93) -> 4 | G93: 1 | H93: 3 | I93: 신기동 326-2(신기2리 새마을회관 앞 삼거리) | J93: 2011 | K93: 2011 | L93: 2018.05. 2019.12. | M93: 35.35083 | N93: 129.04547 | O93: 생활방범
A94: 1 | B94: 102 | C94: 정보통신과 | D94: 중앙동 | E94: 동원과기대입구(구.양산대) | F94: =SUM(G94,H94) -> 4 | G94: 1 | H94: 3 | I94: 명곡동 926-1(동원과기대 경비실 앞 횡단보도) | J94: 2011 | K94: 2014.1 | L94: 2023.12 | M94: 35.340684 | N94: 129.06479 | O94: 생활방범
A95: 1 | B95: 103 | C95: 정보통신과 | D95: 양주동 | E95: 커피베이 | F95: =SUM(G95,H95) -> 4 | G95: 1 | H95: 3 | I95: 중부동 706-3(횡단보도 옆) | J95: 2011 | K95: 2011 | L95: 2020.04 | M95: 35.335741 | N95: 129.02597 | O95: 생활방범
A96: 1 | B96: 104 | C96: 정보통신과 | D96: 물금읍 | E96: 신동중마을 | F96: =SUM(G96,H96) -> 4 | G96: 1 | H96: 3 | I96: 물금읍 범어리 641-8(사거리 오리막 쪽) | J96: 2011 | K96: 2011 | L96: 2020.04 | M96: 35.33038 | N96: 128.99905 | O96: 생활방범
A97: 1 | B97: 105 | C97: 정보통신과 | D97: 강서동 | E97: 일동미라주후문앞 | F97: =SUM(G97,H97) -> 3 | G97: 1 | H97: 2 | I97: 교동 209-7(일동미라주 할인마트 맞은편 화단) | J97: 2011 | K97: 2011 | L97: 2018.05. 2019.12. | M97: 35.346006 | N97: 129.0233 | O97: 생활방범
A98: 1 | B98: 106 | C98: 정보통신과 | D98: 하북면 | E98: 중앙약국사거리 | F98: =SUM(G98,H98) -> 4 | G98: 1 | H98: 3 | I98: 하북면 순지리 691-81(GS25 편의점 앞 사거리) | J98: 2011 | K98: 2011 | L98: 2018.05. 2019.12. | M98: 35.491075 | N98: 129.08669 | O98: 생활방범
A99: 1 | B99: 107 | C99: 정보통신과 | D99: 평산동 | E99: 새진흥5차삼거리 | F99: =SUM(G99,H99) -> 3 | G99: 1 | H99: 2 | I99: 평산동 497(미진마트 앞) | J99: 2011 | K99: 2011 | L99: 2020.04 | M99: 35.381973 | N99: 129.14501 | O99: 생활방범
A100: 1 | B100: 108 | C100: 정보통신과 | D100: 물금읍 | E100: 동중마을회관 | F100: =SUM(G100,H100) -> 4 | G100: - | H100: 4 | I100: 범어리 744-6(동중마을회관 앞 화단) | J100: 2012 | K100: 2012.5. | L100: 2020.04 | M100: 35.331412 | N100: 129.00424 | O100: 생활방범
A101: 1 | B101: 109 | C101: 정보통신과 | D101: 물금읍 | E101: 양산캠퍼스지하철역 | F101: =SUM(G101,H101) -> 4 | G101: 1 | H101: 3 | I101: 범어리 2762-8(양산캠퍼스지하철역 3번 출구 옆 택시승강장) | J101: 2012 | K101: 2012.5. | L101: 2016.12. | M101: 35.317343 | N101: 129.0134 | O101: 생활방범
...

Sheet 차량번호-수정
A3: 개소 | B3: 구분 | C3: 관리번호 | D3: 관리부서 | E3: 행정동 | F3: 카메라명 | G3: 대수 | H3: 차선 | I3: 계량기번호 | J3: 설치 지번 | K3: 실제설치장소(주변) | L3: 설치년도 | M3: 위도 | N3: 경도
A4: =SUM(A5:A23) -> 19 | G4: =SUM(G5:G23) -> 26 | H4: =SUM(H5:H23) -> 45
A5: 1 | B5: 차번인식-1 | C5: 1001 | D5: 정보통신과 | E5: 동면 | F5: 동면 개곡-부산 경계 (노포방면) | G5: 1 | H5: 2 | I5: 02171515857 | J5: 동면 개곡리 72-4 | K5: 신설 | L5: 2015.11. 2020.10 | M5: 35.350755 | N5: 129.13335
A6: 1 | B6: 차번인식-2 | C6: 1002 | D6: 정보통신과 | E6: 하북면 | F6: 하북IC 인근(하북-울산 경계) | G6: 1 | H6: 2 | I6: 06190292992 | J6: 하북면 순지리 179-44 | K6: 신설 | L6: 2015.11. 2020.10 | M6: 35.495307 | N6: 129.09099
A7: 1 | B7: 차번인식-3 | C7: 1003 | D7: 정보통신과 | E7: 동면 | F7: 동면 사송-부산 경계 (노포방면) | G7: 2 | H7: 3 | I7: 56172217520 | J7: 동면 사송리 80 | L7: 2009.1.(2) 2014.12.(1) 2020.10(2) | M7: 35.299031 | N7: 129.0808
A8: 1 | B8: 차번인식-4 | C8: 1004 | D8: 정보통신과 | E8: 동면 | F8: 동면 호포-부산 경계 (호포방면) | G8: 2 | H8: 3 | J8: 동면 가산리 1202-38 | K8: 교체 | L8: . | M8: 35.275987 | N8: 129.01722
A9: 1 | B9: 차번인식-5 | C9: 1005 | D9: 정보통신과 | E9: 서창동 | F9: 회야교(웅상-울산 경계) | G9: 1 | H9: 2 | I9: 48171313918 | J9: 용당동 25-9 | L9: 2010 | M9: 35.434346 | N9: 129.19021
A10: 1 | B10: 차번인식-6 | C10: 1008 | D10: 정보통신과 | E10: 원동면 | F10: 원동-삼랑진 경계 | G10: 1 | H10: 2 | I10: 57170151541 | J10: 원동면 용당리 산 188-1 | K10: 신설 | L10: 2014.12. | M10: 35.401928 | N10: 128.88536
A11: 1 | B11: 차번인식-7 | C11: 1009 | D11: 정보통신과 | E11: 원동면 | F11: 배내골-울산 경계 | G11: 1 | H11: 2 | I11: 57170012626 | J11: 원동면 선리 45-1 | K11: 신설 | L11: 2014.12. | M11: 35.527842 | N11: 129.00952
A12: 1 | B12: 차번인식-8 | C12: 1010 | D12: 정보통신과 | E12: 원동면 | F12: 원동-밀양 경계 | G12: 1 | H12: 2 | J12: 대리 909-10 | K12: 신설 | L12: 2024.03. | M12: 35.445123 | N12: 128.96513
A13: 1 | B13: 차번인식-9 | C13: 1011 | D13: 정보통신과 | E13: 하북면 | F13: 하북-울산 삼동면 경계 | G13: 1 | H13: 2 | J13: 순지리 산 28-5 | K13: 신설 | L13: 2024.03. | M13: 35.497443 | N13: 129.09703
A14: 1 | B14: 차번인식-10 | C14: 1012 | D14: 정보통신과 | E14: 서창동 | F14: 용당동-울산 웅촌면 경계 | G14: 1 | H14: 2 | J14: 용당동 977-1 | K14: 신설 | L14: 2024.03. | M14: 35.431243 | N14: 129.17862
A15: 1 | B15: 차번인식-11 | C15: 1013 | D15: 정보통신과 | E15: 서창동 | F15: 용당동-울산 온양 경계 | G15: 1 | H15: 2 | J15: 용당동 산 17-11 | K15: 신설 | L15: 2024.03. | M15: 35.424443 | N15: 129.1955
A16: 1 | B16: 차번인식-12 | C16: 1014 | D16: 정보통신과 | E16: 동면 | F16: 내송삼거리우측 | G16: 2 | H16: 3 | J16: 양산시 동면 내송리 702-7 | K16: 신설 | L16: 2024.03. | M16: 35.32365 | N16: 129.05806
A17: 1 | B17: 차번인식-13 | C17: 1015 | D17: 정보통신과 | E17: 동면 | F17: 내송삼거리좌측 | G17: 2 | H17: 3 | J17: 양산시 동면 내송리 702-3 | K17: 신설 | L17: 2024.03. | M17: 35.32316 | N17: 129.05831
A18: 1 | B18: 차번인식-14 | C18: 1016 | D18: 정보통신과 | E18: 동면 | F18: 다방7교우측 | G18: 1 | H18: 2 | J18: 양산시 동면 내송리 692-2 | K18: 신설 | L18: 2024.03. | M18: 35.32439 | N18: 129.05908
A19: 1 | B19: 차번인식-15 | C19: 1017 | D19: 정보통신과 | E19: 동면 | F19: 다방8교좌측 | G19: 1 | H19: 2 | J19: 양산시 동면 내송리 696 | K19: 신설 | L19: 2024.03. | M19: 35.32449 | N19: 129.05915
A20: 1 | B20: 차번인식-16 | C20: 1018 | D20: 정보통신과 | E20: 동면 | F20: 자측시설좌측 | G20: 1 | H20: 2 | J20: 양산시 동면 사송리 산23-2 | K20: 신설 | L20: 2025 | M20: 35.30457 | N20: 129.08528
A21: 1 | B21: 차번인식-17 | C21: 1019 | D21: 정보통신과 | E21: 동면 | F21: 자측시설우측 | G21: 2 | H21: 3 | J21: 양산시 동면 사송리 27-7 | K21: 신설 | L21: 2025 | M21: 35.30435 | N21: 129.08506
A22: 1 | B22: 차번인식-18 | C22: 1020 | D22: 정보통신과 | E22: 동면 | F22: 사베소류지(육교부근) | G22: 2 | H22: 3 | J22: 양산시 동면 사송리 80 | K22: 신설 | L22: 2024.03. | M22: 35.29993 | N22: 129.07804
A23: 1 | B23: 차번인식-19 | C23: 1021 | D23: 정보통신과 | E23: 동면 | F23: 양산부산간경계부근 | G23: 2 | H23: 3 | J23: 양산시 동면 사송리 80 | K23: 신설 | L23: 2025 | M23: 35.29936 | N23: 129.08055

Sheet 초등학교_관리번호 재 부여
N1: =SUBTOTAL(3,#REF!) -> #REF!
A3: 개소 | B3: 구분 | C3: 관리번호 | D3: 관리부서 | E3: 행정동 | F3: 카메라명 | G3: 대수 | H3: 설치 지번 | I3: 실제설치장소(주변) | J3: 설치년도 | K3: 변경년도 | L3: 위도 | M3: 경도 | N3: 목적
A4: =SUM(A5:A48) -> 43 | G4: =SUM(G5:G48) -> 260
A5: 1 | B5: 초등학교연계-9 | C5: 2001 | D5: 초등학교 | E5: 양주동 | F5: 신양초등학교 (디지털교체) | G5: 8 | H5: 남부동 553-6 | L5: 35.333826 | M5: 129.02445 | N5: 학교내 설치 CCTV
A6: 1 | B6: 초등학교연계-8 | C6: 2002 | D6: 초등학교 | E6: 양주동 | F6: 삽량초등학교 (디지털교체) | G6: 6 | H6: 남부동 601-3 | L6: 35.332232 | M6: 129.02942 | N6: 학교내 설치 CCTV
A7: 1 | B7: 초등학교연계-12 | C7: 2003 | D7: 초등학교 | E7: 물금읍 | F7: 물금초등학교 (디지털교체) | G7: 2 | H7: 물금읍 가촌리 470 | L7: 35.317126 | M7: 128.99042 | N7: 학교내 설치 CCTV
A8: 1 | B8: 초등학교연계-17 | C8: 2004 | D8: 초등학교 | E8: 물금읍 | F8: 성산초등학교 (디지털교체) | G8: 14 | H8: 물금읍 범어리 2712-6 | L8: 35.330258 | M8: 129.01792 | N8: 학교내 설치 CCTV
A9: 1 | B9: 초등학교연계-16 | C9: 2005 | D9: 초등학교 | E9: 물금읍 | F9: 황산초등학교 (디지털교체) | G9: 8 | H9: 물금읍 범어리 228-2 | L9: 35.331115 | M9: 129.00968 | N9: 학교내 설치 CCTV
A10: 1 | B10: 초등학교연계-13 | C10: 2006 | D10: 초등학교 | E10: 물금읍 | F10: 범어초등학교 (디지털교체) | G10: 4 | H10: 물금읍 범어리 718-3 | L10: 35.331333 | M10: 129.00562 | N10: 학교내 설치 CCTV
A11: 1 | B11: 초등학교연계-15 | C11: 2007 | D11: 초등학교 | E11: 물금읍 | F11: 서남초등학교 (디지털교체) | G11: 4 | H11: 물금읍 범어리 554 | J11: 2015 | L11: 35.32856 | M11: 128.99908 | N11: 학교내 설치 CCTV
A12: 1 | B12: 초등학교연계-19 | C12: 2008 | D12: 초등학교 | E12: 원동면 | F12: 화제초등학교 (디지털교체) | G12: 6 | H12: 원동면 화제리 1296-2 | J12: 2016 | K12: 2023.06 | L12: 35.351311 | M12: 128.97897 | N12: 학교내 설치 CCTV
A13: 1 | B13: 초등학교연계-18 | C13: 2009 | D13: 초등학교 | E13: 원동면 | F13: 원동초등학교 | G13: 4 | H13: 원동면 원리 951 | L13: 35.364207 | M13: 128.92235 | N13: 학교내 설치 CCTV
A14: 1 | B14: 초등학교연계-6 | C14: 2010 | D14: 초등학교 | E14: 강서동 | F14: 어곡초등학교 (디지털교체) | G14: 7 | H14: 어곡동 150 → 어곡동 11 (이동) | J14: 2016 | L14: 35.374969 | M14: 129.02824 | N14: 학교내 설치 CCTV
A15: 1 | B15: 초등학교연계-7 | C15: 2011 | D15: 초등학교 | E15: 양주동 | F15: 중부초등학교 (디지털교체) | G15: 7 | H15: 중부동 696-2 | L15: 35.336818 | M15: 129.03316 | N15: 학교내 설치 CCTV
A16: 1 | B16: 초등학교연계-2 | C16: 2012 | D16: 초등학교 | E16: 양주동 | F16: 양주초등학교 (디지털4) | G16: 7 | H16: 중부동 422-3 | J16: 2017(디지털) | L16: 35.342587 | M16: 129.03186 | N16: 학교내 설치 CCTV
A17: 1 | B17: 초등학교연계-1 | C17: 2013 | D17: 초등학교 | E17: 중앙동 | F17: 양산초등학교 | G17: 6 | H17: 북부동 269 | J17: 2011 | L17: 35.345284 | M17: 129.04359 | N17: 학교내 설치 CCTV
A18: 1 | B18: 초등학교연계-3 | C18: 2014 | D18: 초등학교 | E18: 삼성동 | F18: 신기초등학교 (디지털교체) | G18: 12 | H18: 신기동 511-1 | L18: 35.352206 | M18: 129.04054 | N18: 학교내 설치 CCTV
A19: 1 | B19: 초등학교연계-5 | C19: 2015 | D19: 초등학교 | E19: 삼성동 | F19: 북정초등학교 (디지털교체) | G19: 4 | H19: 북정동 884-1 | L19: 35.364421 | M19: 129.04704 | N19: 학교내 설치 CCTV
A20: 1 | B20: 초등학교연계-4 | C20: 2016 | D20: 초등학교 | E20: 삼성동 | F20: 삼성초등학교 (디지털교체) | G20: 6 | H20: 북정동 382-1 | L20: 35.364421 | M20: 129.04704 | N20: 학교내 설치 CCTV
A21: 1 | B21: 초등학교연계-21 | C21: 2017 | D21: 초등학교 | E21: 상북면 | F21: 소토초등학교 (디지털교체) | G21: 5 | H21: 상북면 소토리 651 | J21: 2015 | L21: 35.379596 | M21: 129.05334 | N21: 학교내 설치 CCTV
A22: 1 | B22: 초등학교연계-20 | C22: 2018 | D22: 초등학교 | E22: 상북면 | F22: 상북초등학교 (디지털교체) | G22: 8 | H22: 상북면 석계리 122 | L22: 35.416338 | M22: 129.0604 | N22: 학교내 설치 CCTV
A23: 1 | B23: 초등학교연계-22 | C23: 2019 | D23: 초등학교 | E23: 상북면 | F23: 좌삼초등학교 (디지털교체) | G23: 2 | H23: 상북면 좌삼리 493 | J23: 2015 | L23: 35.440914 | M23: 129.04392 | N23: 학교내 설치 CCTV
A24: 1 | B24: 초등학교연계-24 | C24: 2020 | D24: 초등학교 | E24: 하북면 | F24: 용연초등학교 | G24: 4 | H24: 하북면 백록리 1245 | L24: 35.449636 | M24: 129.07517 | N24: 학교내 설치 CCTV
A25: 1 | B25: 초등학교연계-23 | C25: 2021 | D25: 초등학교 | E25: 하북면 | F25: 하북초등학교 (디지털교체) | G25: 4 | H25: 하북면 순지리 702 | L25: 35.490192 | M25: 129.0879 | N25: 학교내 설치 CCTV
A26: 1 | B26: 초등학교연계-10 | C26: 2022 | D26: 초등학교 | E26: 동면 | F26: 영천초등학교 | G26: 3 | H26: 동면 여락리 18 | I26: 여락리 30 | J26: 2015 | L26: 35.31127 | M26: 129.11043 | N26: 학교내 설치 CCTV
A27: 1 | B27: 초등학교연계-25 | C27: 2023 | D27: 초등학교 | E27: 서창동 | F27: 웅상초등학교 (디지털교체) | G27: 5 | H27: 명동 986 | J27: 2015 | L27: 35.398831 | M27: 129.16437 | N27: 학교내 설치 CCTV
A28: 1 | B28: 초등학교연계-26 | C28: 2024 | D28: 초등학교 | E28: 덕계동 | F28: 덕계초등학교 | G28: 5 | H28: 덕계동 718-4 | L28: 35.375756 | M28: 129.15323 | N28: 학교내 설치 CCTV
A29: 1 | B29: 초등학교연계-31 | C29: 2025 | D29: 초등학교 | E29: 평산동 | F29: 천성초등학교 | G29: 5 | H29: 평산동 350 | L29: 35.379596 | M29: 129.14435 | N29: 학교내 설치 CCTV
A30: 1 | B30: 초등학교연계-37 | C30: 2026 | D30: 초등학교 | E30: 동면 | F30: 금오초중학교 | G30: 7 | H30: 동면 석산리 1448-1 | J30: 2020 | L30: 35.322088 | M30: 129.02773 | N30: 학교내 설치 CCTV
A31: 1 | B31: 초등학교연계-27 | C31: 2027 | D31: 초등학교 | E31: 평산동 | F31: 평산초등학교 (디지털교체) | G31: 7 | H31: 평산동 40-3 | L31: 35.386827 | M31: 129.15391 | N31: 학교내 설치 CCTV
A32: 1 | B32: 초등학교연계-32 | C32: 2028 | D32: 초등학교 | E32: 소주동 | F32: 백동초등학교(디지털교체) | G32: 6 | H32: 소주동 669 | L32: 35.405591 | M32: 129.15344 | N32: 학교내 설치 CCTV
A33: 1 | B33: 초등학교연계-30 | C33: 2029 | D33: 초등학교 | E33: 서창동 | F33: 대운초등학교 | G33: 7 | H33: 삼호동 886-2 | L33: 35.408994 | M33: 129.17363 | N33: 학교내 설치 CCTV
A34: 1 | B34: 초등학교연계-29 | C34: 2030 | D34: 초등학교 | E34: 서창동 | F34: 서창초등학교 (디지털교체) | G34: 8 | H34: 삼호동 623 | J34: 2015 | L34: 35.417782 | M34: 129.1718 | N34: 학교내 설치 CCTV
A35: 1 | B35: 초등학교연계-11 | C35: 2031 | D35: 초등학교 | E35: 동면 | F35: 동산초등학교 (디지털교체) | G35: 5 | H35: 동면 금산리 783 | L35: 35.303695 | M35: 129.02629 | N35: 학교내 설치 CCTV
A36: 1 | B36: 초등학교연계-33 | C36: 2032 | D36: 초등학교 | E36: 동면 | F36: 석산초등학교 | G36: 7 | H36: 동면 석산리 1448-8 | L36: 35.32196 | M36: 129.02724 | N36: 학교내 설치 CCTV
A37: 1 | B37: 초등학교연계-28 | C37: 2033 | D37: 초등학교 | E37: 평산동 | F37: 신명초등학교 (디지털교체) | G37: 4 | H37: 평산동 570-49 | L37: 35.388886 | M37: 129.14213 | N37: 학교내 설치 CCTV
A38: 1 | B38: 초등학교연계-34 | C38: 2034 | D38: 초등학교 | E38: 물금읍 | F38: 증산초등학교 | G38: 6 | H38: 물금읍 범어리 2785-1 | J38: 2017 | L38: 35.315567 | M38: 129.00706 | N38: 학교내 설치 CCTV
A39: 1 | B39: 초등학교연계-35 | C39: 2035 | D39: 초등학교 | E39: 물금읍 | F39: 신주초등학교 | G39: 6 | H39: 물금읍 범어리 2673-1 | I39: 증산리 957-5 | J39: 2017 | L39: 35.337149 | M39: 129.01962 | N39: 학교내 설치 CCTV
A40: 1 | B40: 초등학교연계-36 | C40: 2036 | D40: 초등학교 | E40: 물금읍 | F40: 가남초등학교 | G40: 5 | H40: 물금읍 가촌리 1277-5 | L40: 35.311978 | M40: 128.99818 | N40: 학교내 설치 CCTV
A41: 1 | B41: 초등학교연계-14 | C41: 2037 | D41: 초등학교 | E41: 물금읍 | F41: 오봉초등학교 (디지털교체) | G41: 8 | H41: 물금읍 범어리 503 | L41: 35.334225 | M41: 129.00419 | N41: 학교내 설치 CCTV
A42: 1 | B42: 초등학교연계-38 | C42: 2038 | D42: 초등학교 | E42: 물금읍 | F42: 가촌초등학교 | G42: 8 | H42: 물금읍 가촌리 1273-2 | J42: 2021 | L42: 35.316681 | M42: 128.99583 | N42: 학교내 설치 CCTV
A43: 1 | B43: 초등학교연계-39 | C43: 2039 | D43: 초등학교 | E43: 덕계동 | F43: 회야초등학교 | G43: 8 | H43: 덕계동 1588 | J43: 2021 | L43: 35.373885 | M43: 129.16036 | N43: 학교내 설치 CCTV
A44: 1 | B44: 초등학교연계-40 | C44: 2040 | D44: 초등학교 | E44: 물금읍 | F44: 가양초등학교 | G44: 6 | H44: 물금읍 물금로 60 | J44: 2022 | L44: 35.310599 | M44: 128.99165 | N44: 학교내 설치 CCTV
A45: 1 | B45: 초등학교연계-41 | C45: 2041 | D45: 초등학교 | E45: 동면 | F45: 동면초등학교 | G45: 7 | H45: 동면 내송리 592-6 | J45: 2022 | L45: 35.31937 | M45: 129.06078 | N45: 학교내 설치 CCTV
A46: 1 | B46: 초등학교연계-42 | C46: 2042 | D46: 초등학교 | E46: 상북면 | F46: 양산희망학교 | G46: 2 | H46: 상삼리 538-1 | J46: 2022 | L46: 35.427621 | M46: 129.05991 | N46: 학교내 설치 CCTV
A47: 1 | B47: 초등학교연계-43 | C47: 2043 | D47: 초등학교 | E47: 원동면 | F47: 원동초등학교 이천분교장 | G47: 7 | H47: 배내로 431-1 | I47: 선리 1424 | J47: 2022 | L47: 35.487422 | M47: 128.9852 | N47: 학교내 설치 CCTV

Sheet 교통상황수집
A3: 개소 | B3: 구분 | C3: 관리번호 | D3: 관리부서 | E3: 행정동 | F3: 카메라명 | G3: 대수 | H3: 수정주소(도로점용) | I3: 설치 지번 | J3: 실제설치장소(주변) | K3: 설치년도 | L3: 위도 | M3: 경도 | N3: 설치목적
A4: =SUM(A5:A94) -> 46 | G4: =SUM(G5:G94) -> 58
A5: 1 | B5: 교통상황수집-1 | C5: 9001 | D5: 정보통계과 | E5: 하북면 | F5: CCTV01_공원묘지입구 | G5: 1 | H5: 하북면 답곡리 1109-1 | I5: 하북면 답곡리 1109-1 | J5: 답곡리 702-1(우리꽃집슈퍼 앞 삼각지) | K5: 2013 | L5: 35.475251 | M5: 129.08716 | N5: 교통정보수집
A6: 1 | B6: 교통상황수집-2 | C6: 9002 | D6: 정보통계과 | E6: 상북면 | F6: CCTV02_반회삼거리 | G6: 1 | H6: 상북면 석계리 529-6 | I6: 상북면 석계리 529-6 | J6: 상북면 석계리 529-1(더타이어샵 맞은편) | K6: 2013 | L6: 35.41229 | M6: 129.05632 | N6: 교통정보수집
A7: 1 | B7: 교통상황수집-3 | C7: 9003 | D7: 정보통계과 | E7: 물금읍 | F7: CCTV03_범어정수장입구 | G7: 1 | H7: 물금읍 범어리 2763 | I7: 물금읍 범어리 2763 | J7: 물금읍 범어리 2763 (버스정류장(범어정수장/2622/경민아파트방면)에서 양산소방서 방향 25m 떨어진 곳 설치, 횡단보도 바로 옆) | K7: 2013 | L7: 35.335905 | M7: 129.01282 | N7: 교통정보수집
A8: 1 | B8: 교통상황수집-4 | C8: 9004 | D8: 정보통계과 | E8: 동면 | F8: CCTV04_창기마을인근 | G8: 1 | H8: 동면 법기리 961-4 | I8: 동면 법기리 961-4 | J8: 동면 법기리 732(한솔원예조경 맞은편) | K8: 2013 | L8: 35.331417 | M8: 129.12188 | N8: 교통정보수집
A9: 1 | B9: 교통상황수집-5 | C9: 9005 | D9: 정보통계과 | E9: 동면 | F9: CCTV05_남양산 IC | G9: 1 | H9: 동면 석산리 640-28 | I9: 동면 석산리 640-28 | J9: 동면 석산리 640-28(남양산IC 진입로 지나서 130m 떨어진 곳에 설치) | K9: 2013 | L9: 35.322799 | M9: 129.03008 | N9: 교통정보수집
A10: 1 | B10: 교통상황수집-6 | C10: 9006 | D10: 정보통계과 | E10: 동면 | F10: CCTV06_호포고가교 | G10: 1 | H10: 동면 가산리 986 -1 | I10: 동면 가산리 986 -1 | J10: 동면 가산리 986 -1(호포고갸교 밑 삼각지) | K10: 2013 | L10: 35.288121 | M10: 129.01495 | N10: 교통정보수집
A11: 1 | B11: 교통상황수집-7 | C11: 9007 | D11: 정보통계과 | E11: 동면 | F11: CCTV07_동산초교앞 삼거리 | G11: 1 | H11: 동면 금산리 1495 | I11: 동면 금산리 1495 | J11: 동면 금산리 1495(버스정류장(금산휴먼시아/2819/가산마을방면)바로 옆, CU편의점 맞은편) | K11: 2013 | L11: 35.303861 | M11: 129.02464 | N11: 교통정보수집
A12: 1 | B12: 교통상황수집-8 | C12: 9008 | D12: 정보통계과 | E12: 삼성동 | F12: CCTV08_산막공단입구 삼거리 | G12: 1 | H12: 북정동 210-33 | I12: 북정동 210-33 | J12: 북정동 210-46(부산계량사에서 하북방향으로 50m 떨어진 곳에 설치) | K12: 2013 | L12: 35.371045 | M12: 129.04493 | N12: 교통정보수집
A13: 1 | B13: 교통상황수집-9 | C13: 9009 | D13: 정보통계과 | E13: 삼성동 | F13: CCTV09_새롬성원아파트 사거리 | G13: 1 | H13: 북정동 738-5 | I13: 북정동 738-5 | J13: 북정동 891-2(글라스 스토리 안경원 북정점 앞 횡단보도 건너 삼각지) | K13: 2013 | L13: 35.358794 | M13: 129.04486 | N13: 교통정보수집
A14: 1 | B14: 교통상황수집-10 | C14: 9010 | D14: 정보통계과 | E14: 강서동 | F14: CCTV10_강서치안센터 삼거리 | G14: 1 | H14: 유산동 167-6 | I14: 유산동 167-6 | J14: 유산동 159-8(강서파출소 기준에서 상북방향으로 2시방향에 위치) | K14: 2013 | L14: 35.358153 | M14: 129.0357 | N14: 교통정보수집
A15: 1 | B15: 교통상황수집-11 | C15: 9011 | D15: 정보통계과 | E15: 양주동 | F15: CCTV11_종합운동장 사거리 | G15: 1 | H15: 북부동536-2 | I15: 북부동536-2 | J15: 북부동 536-2(종합 운동장 차량 진입로 맞은편 횡단보도) | K15: 2013 | L15: 35.343495 | M15: 129.03372 | N15: 교통정보수집
A16: 1 | B16: 교통상황수집-12 | C16: 9012 | D16: 정보통계과 | E16: 물금읍 | F16: CCTV12_협성강변타운 삼거리 | G16: 1 | H16: 물금읍 범어리 2808 | I16: 물금읍 범어리 2808 | J16: 물금읍 범어리 2763(워터파크에서 강서동방향으로 떨어진 삼각지 / 버스정류장(워터파크/5174/향교가있는교동마을 방면)에서 강서동 방향으로 300m 떨어진 삼각지 | K16: 2013 | L16: 35.340767 | M16: 129.02447 | N16: 교통정보수집
... A32: 1 | B32: 교통상황수집-28 | C32: 9028 | D32: 정보통계과 | E32: 양주동 | F32: CCTV28_신도시주유소사거리 | G32: 1 | H32: 중부동 698-16 | I32: 중부동 698-16 | J32: 중부동 693-5(s-oil 주유소 앞 횡단보도) | K32: 2013 | L32: 35.334938 | M32: 129.02884 | N32: 교통정보수집
A33: 9008RSE | B33: 교통상황수집-29 | C33: 9029 | D33: 정보통계과 | E33: 삼성동 | F33: CCTV29_산막공단북정교 | G33: 1 | H33: 북정동 210-33 | I33: 북정동 210-33 | J33: 북정동 210-46(부산계량사에서 하북방향으로 50m 떨어진 곳에 설치) | K33: 2015.5. | L33: 35.371045 | M33: 129.04493 | N33: 교통정보수집
A34: 9022RSE | B34: 교통상황수집-30 | C34: 9030 | D34: 정보통계과 | E34: 덕계동 | F34: CCTV30_덕계사거리1 | G34: 1 | H34: 덕계동 725 | I34: 덕계동 725 | J34: 덕계동 724-4(날마다대박나는집 앞 황단보도) | K34: 2015.5. | L34: 35.373649 | M34: 129.15279 | N34: 교통정보수집
A35: 9023RSE | B35: 교통상황수집-31 | C35: 9031 | D35: 정보통계과 | E35: 서창동 | F35: CCTV31_삼호사거리1 | G35: 1 | H35: 삼호동 663-5 | I35: 삼호동 665-11 | J35: 삼호동 663-5(삼호사거리 영산대 방향 횡단보도) | K35: 2015.5. | L35: 35.415654 | M35: 129.16841 | N35: 교통정보수집
A36: 9024RSE | B36: 교통상황수집-32 | C36: 9032 | D36: 정보통계과 | E36: 서창동 | F36: CCTV32_용당마을1 | G36: 1 | H36: 용당동 566-1 | I36: 용당동 566-1 | J36: 용당동 565-1(태림공인중개사 앞 사거리) | K36: 2015.5. | L36: 35.427689 | M36: 129.18354 | N36: 교통정보수집
A37: 1 | B37: 교통상황수집-33 | C37: 9033 | D37: 정보통계과 | E37: 상북면 | F37: CCTV33_고려제강앞 삼거리 | G37: 1 | H37: 소토리 767-2 | I37: 상북면 소토리 912-2 | J37: 상북면 소토리 912-2(고려제강 입구 좌측) | K37: 2015.5. | L37: 35.386294 | M37: 129.05147 | N37: 교통정보수집
A38: 9016RSE | B38: 교통상황수집-34 | C38: 9034 | D38: 정보통계과 | E38: 물금읍 | F38: CCTV34_물금읍사무소 앞 | G38: 1 | H38: 물금리 898-1 | I38: 물금읍 물금리 401-51 | J38: 물금리411-10(쌀엔개사료 맞은편, 횡단보도 바로 옆) | K38: 2015.5. | L38: 35.310187 | M38: 128.98659 | N38: 교통정보수집
A39: 9013RSE | B39: 교통상황수집-35 | C39: 9035 | D39: 정보통계과 | E39: 강서동 | F39: CCTV35_어곡사거리 1 | G39: 1 | H39: 어곡동 175-4 | I39: 어곡동 175-4 | J39: 어곡동 158(진흥기계공업사에서 어곡터널 방향 40m 떨어진 삼각지) | K39: 2015.5. | L39: 35.373707 | M39: 129.0274 | N39: 교통정보수집
A40: 1 | B40: 교통상황수집-36 | C40: 9036 | D40: 정보통계과 | E40: 서창동 | F40: CCTV36_서창북부 삼거리 | G40: 1 | H40: 삼호동 334-4 | I40: 삼호동 334-4 | J40: 삼호동 201(신라해장국 맞은 편 공원 쪽) | K40: 2015.5. | L40: 35.420672 | M40: 129.17701 | N40: 교통정보수집
A41: 1 | B41: 교통상황수집-37 | C41: 9037 | D41: 정보통계과 | E41: 양주동 | F41: CCTV37_북부사 거리 | G41: 1 | H41: 북부동 158-8 | I41: 북부동 158-8 | J41: 북부동 158-8(전자랜드 맞은 편 운동장쪽 횡단보도) | K41: 2015.5. | L41: 35.348968 | M41: 129.03624 | N41: 교통정보수집
A42: 1 | B42: 교통상황수집-38 | C42: 9038 | D42: 정보통계과 | E42: 하북면 | F42: CCTV38_내원사입구 삼거리 | G42: 1 | H42: 하북면 용연리 1137-17 | I42: 하북면 용연리 1137-17 | J42: 용연리 818-1(분체계량기술연구소 맞은 편) | K42: 2015.5. | L42: 35.439896 | M42: 129.07181 | N42: 교통정보수집
A43: 9018RSE | B43: 교통상황수집-39 | C43: 9039 | D43: 정보통계과 | E43: 물금읍 | F43: CCTV_39_범어지하차도 사거리 | G43: 1 | H43: 범어리 2763 | I43: 물금읍 범어리 386-2 | J43: 범어리 385-28(범어자전거할인마트 바로 앞) | K43: 2015.11. | L43: 35.330468 | M43: 129.00639 | N43: 교통정보수집
A44: 9010RSE | B44: 교통상황수집-40 | C44: 9040 | D44: 정보통계과 | E44: 강서동 | F44: CCTV_40_강서치안센터 삼거리 | G44: 1 | H44: 유산동 167-6 | I44: 유산동 168-37 | J44: 유산동 159-8(강서파출소 기준에서 상북방향으로 2시방향에 위치) | K44: 2015.11. | L44: 35.358153 | M44: 129.0357 | N44: 교통정보수집
A45: 9011RSE | B45: 교통상황수집-41 | C45: 9041 | D45: 정보통계과 | E45: 중앙동 | F45: CCTV_41_종합운동장 사거리 | G45: 1 | H45: 북부동536-2 | I45: 북부동 529-13 | J45: 북부동 536-2(종합 운동장 차량 진입로 맞은편 횡단보도) | K45: 2015.11. | L45: 35.343495 | M45: 129.03372 | N45: 교통정보수집
A46: 1 | B46: 교통상황수집-42 | C46: 9042 | D46: 정보통계과 | E46: 양주동 | F46: CCTV_42_양산역앞 삼거리 | G46: 1 | H46: 중부동 704 | I46: 중부동 704 | J46: 중부동 685-8(양산역 1번 출구 쪽 횡단보도) | K46: 2015.11. | L46: 35.337845 | M46: 129.02608 | N46: 교통정보수집
A47: 1 | B47: 교통상황수집-43 | C47: 9043 | D47: 정보통계과 | E47: 양주동 | F47: CCTV_43_양주교밑 사거리 | G47: 1 | H47: 남부동 884 | I47: 남부동 884 | J47: 남부동 608-1 (상록경남아너스빌 104동앞) | K47: 2015.11. | L47: 35.329667 | M47: 129.02313 | N47: 교통정보수집
A48: 1 | B48: 교통상황수집-44 | C48: 9044 | D48: 정보통계과 | E48: 중앙동 | F48: CCTV_44_다방교 사거리 | G48: 1 | H48: 다방동 502-7 | I48: 다방동 502-7 | J48: 다방동 502-7(더타이어샵 사거리 다방교 방향 버스정류장 옆) | K48: 2015.11. | L48: 35.331336 | M48: 129.03954 | N48: 교통정보수집
A49: 9015RSE | B49: 교통상황수집-45 | C49: 9045 | D49: 정보통계과 | E49: 양주동 | F49: CCTV_45_석산교 사거리 | G49: 1 | H49: 남부동 425-32 | I49: 남부동 425-32 | J49: 남부동 858-11(석산교 지나서 남부동 방면으로 70m 떨어진 삼각지) | K49: 2015.11. | L49: 35.329884 | M49: 129.03474 | N49: 교통정보수집
A50: 1 | B50: 교통상황수집-46 | C50: 9046 | D50: 정보통계과 | E50: 동면 | F50: CCTV_46_석산교차로 | G50: 1 | H50: 동면 석산리 1493 | I50: 동면 석산리 1493 | J50: 석산리 1477-7(석산교차로 호포방향 더프라임휘트니스 옆) | K50: 2015.11. | L50: 35.315423 | M50: 129.02747 | N50: 교통정보수집
A51: 9007RSE | B51: 교통상황수집-47 | C51: 9047 | D51: 정보통계과 | E51: 동면 | F51: CCTV_47_동산초앞 사거리 | G51: 1 | H51: 동면 금산리 1495 | I51: 동면 금산리 774 | J51: 동면 금산리 1495(버스정류장(금산휴먼시아/2819/가산마을방면)바로 옆, CU편의점 맞은편) | K51: 2015.11. | L51: 35.303861 | M51: 129.02464 | N51: 교통정보수집
A52: 9019RSE | B52: 교통상황수집-48 | C52: 9048 | D52: 정보통계과 | E52: 동면 | F52: CCTV_48_물금IC 삼거리 | G52: 1 | H52: 동면 금산리 1160-8 | I52: 동면 금산리 1175-3 | J52: 증산리 1237-8(물금TG 진입로에서 40m 떨어진 곳에 설치/진입로 건너편) | K52: 2015.11. | L52: 35.308101 | M52: 129.01722 | N52: 교통정보수집
A53: 9003RSE | B53: 교통상황수집-49 | C53: 9049 | D53: 정보통계과 | E53: 물금읍 | F53: CCTV_49_범어정수장앞 삼거리 | G53: 1 | H53: 물금읍 범어리 2763 | I53: 물금읍 범어리 2763 | J53: 물금읍 범어리 2763 (버스정류장(범어정수장/2622/경민아파트방면)에서 양산소방서 방향 25m 떨어진 곳 설치, 횡단보도 바로 옆) | K53: 2015.11. | L53: 35.335905 | M53: 129.01282 | N53: 교통정보수집
A54: 1 | B54: 교통상황수집-50 | C54: 9050 | D54: 정보통계과 | E54: 물금읍 | F54: CCTV_50_부산대 캠퍼스역 삼거리 | G54: 1 | H54: 범어리 2762-7 | I54: 물금읍 범어리 2710-5 | J54: 범어리 2762-7(에이원메트로상가 맞은편 공원 쪽) | K54: 2015.11. | L54: 35.315572 | M54: 129.01254 | N54: 교통정보수집
A55: 1 | B55: 교통상황수집-51 | C55: 9051 | D55: 정보통계과 | E55: 물금읍 | F55: CCTV_51_양산부산대학교병원삼거리(황전아파트) | G55: 1 | H55: 물금읍 범어리 2833 | I55: 물금읍 범어리 2833 | J55: 범어리 551-2(현대약국 앞) | K55: 2017 | L55: 35.325884 | M55: 129.00056 | N55: 교통정보수집
A56: 1 | B56: 교통상황수집-52 | C56: 9052 | D56: 정보통계과 | E56: 물금읍 | F56: CCTV_52_남평삼거리 | G56: 1 | H56: 물금읍 증산리 796-5 | I56: 물금읍 증산리 796-5 | J56: 물금읍 증산리 796-5(하늘완구 맞은편) | K56: 2013 | L56: 35.295595 | M56: 129.00299 | N56: 교통정보수집
A57: 1 | B57: 교통상황수집-53 | C57: 9053 | D57: 정보통계과 | E57: 하북면 | F57: CCTV_53_통도사입구 | G57: 1 | H57: 하북면 순지리 174 | I57: 하북면 순지리 174-1 | J57: 순지리 828-2(이순남순두부정식 맞은 편) | K57: 2013 | L57: 35.493843 | M57: 129.09036 | N57: 교통정보수집
A58: 1 | B58: 교통상황수집-54 | C58: 9054 | D58: 정보통계과 | E58: 강서동 | F58: CCTV_54_유산교 | G58: 1 | H58: 유산동 162-131 | I58: 유산동 162-131 | J58: 유산동 162-131(고려제강 앞 삼거리 하천 쪽) | K58: 2013 | L58: 35.364194 | M58: 129.03878 | N58: 교통정보수집
A59: 1 | B59: 교통상황수집-55 | C59: 9055 | D59: 정보통계과 | E59: 동면 | F59: CCTV_55_영천사거리 | G59: 1 | H59: 여락리 73-2 | I59: 동면 여락리 77-10 | J59: 여락리 85-10(영천사거리 삼각지 설치) | K59: 2013 | L59: 35.30745 | M59: 129.1078 | N59: 교통정보수집
A60: 1 | B60: 교통상황수집-56 | C60: 9056 | D60: 정보통계과 | E60: 중앙동 | F60: CCTV_56_남부사거리 | G60: 1 | H60: 중부동 608 | I60: 중부동 608 | J60: 중부동 606-4(콜핑 앞 삼각지) | K60: 2013 | L60: 35.338738 | M60: 129.03546 | N60: 교통정보수집
A61: 1 | B61: 교통상황수집-57 | C61: 9057 | D61: 정보통계과 | E61: 물금읍 | F61: 우남아파트 사거리 | G61: 0 | H61: 범어리 2745 | I61: RSE만 있음. | J61: 범어리 2745(우남퍼스트빌 104동 옆 부산은행 맞은 편)
A62: 1 | B62: 교통상황수집-58 | C62: 9058 | D62: 정보통계과 | E62: 동면 | F62: CCTV_58_사송롯데캐슬인근교차로 | G62: 1 | H62: 양산시 동면 사송리 1009-3 | I62: 양산시 동면 사송리 1009-3 | K62: 2024 | N62: 교통정보수집
A63: 1 | B63: 교통상황수집-59 | C63: 9059 | D63: 정보통계과 | E63: 동면 | F63: CCTV_59_내송역 | G63: 1 | H63: 양산시 동면 사송리 833-1 | I63: 양산시 동면 사송리 833-1 | K63: 2024 | N63: 교통정보수집

Sheet VDS
P1: =SUBTOTAL(3,#REF!) -> #REF!
A3: 개소 | B3: 구분 | C3: 관리번호 | D3: 관리부서 | E3: 행정동 | F3: 카메라명 | G3: 대수 | H3: 수정주소(도로점용) | I3: 설치 지번 | J3: 실제설치장소(주변) | K3: 설치년도 | L3: 변경년도 | M3: 화소수 | N3: 위도 | O3: 경도 | P3: 목적
A4: =SUM(A5:A95) -> 9 | G4: =SUM(G5:G95) -> 9
A5: 1 | B5: VDS | C5: 9901 | D5: 정보통계과 | E5: 동면 | F5: 사송 | G5: 1 | K5: 2024
A6: 1 | B6: VDS | C6: 9902 | D6: 정보통계과 | E6: 동면 | F6: 사송 | G6: 1 | K6: 2024
A7: 1 | B7: VDS | C7: 9903 | D7: 정보통계과 | E7: 동면 | F7: 사송 | G7: 1 | K7: 2024
A8: 1 | B8: VDS | C8: 9904 | D8: 정보통계과 | E8: 동면 | F8: 사송 | G8: 1 | K8: 2024
A9: 1 | B9: VDS | C9: 9905 | D9: 정보통계과 | E9: 평산동 | G9: 1 | H9: 양산시 평산동 31-49 | I9: 양산시 평산동 31-49 | J9: 양산시 평산동 31-49 | K9: 2024.08 | P9: 교통
A10: 1 | B10: VDS | C10: 9906 | D10: 정보통계과 | E10: 상북면 | G10: 1 | H10: 양산시 상북면 소토리 1214 | I10: 양산시 상북면 소토리 1214 | J10: 양산시 상북면 소토리 1214 | K10: 2024.08 | P10: 교통
A11: 1 | B11: VDS | C11: 9907 | D11: 정보통계과 | E11: 양주동 | G11: 1 | H11: 양산시 남부동 615 | I11: 양산시 남부동 615 | J11: 양산시 남부동 615 | K11: 2024.08 | P11: 교통
A12: 1 | B12: VDS | C12: 9908 | D12: 정보통계과 | E12: 물금읍 | G12: 1 | H12: 양산시 물금읍 범어리 2762-5 | I12: 양산시 물금읍 범어리 2762-5 | J12: 양산시 물금읍 범어리 2762-5 | K12: 2024.08 | P12: 교통
A13: 1 | B13: VDS | C13: 9907 | D13: 정보통계과 | E13: 물금읍 | G13: 1 | H13: 양산시 물금읍 증산리 1732 | I13: 양산시 물금읍 증산리 1732 | J13: 양산시 물금읍 증산리 1732 | K13: 2024.08 | P13: 교통

Sheet 재난재해
A3: 개소 | B3: 구분 | C3: 관리번호 | D3: 관리부서 | E3: 행정동 | F3: 카메라명 | G3: 대수 | H3: 설치 지번 | I3: 실제설치장소(주변) | J3: 설치년도 | K3: 변경년도 | L3: 위도 | M3: 경도 | N3: 설치목적
A4: =SUM(A5:A74) -> 53 | G4: =SUM(G5:G74) -> 78
A5: 1 | B5: 재난재해-1 | C5: 3001 | D5: 하천과 | E5: 물금읍 | F5: 낙동강친수시설-1 | G5: 3 | H5: 물금읍 물금리 173 | J5: 2013 | L5: 35.302556 | M5: 128.99019 | N5: 재난재해,시설물관리
A6: 1 | B6: 재난재해-2 | C6: 3002 | D6: 하천과 | E6: 물금읍 | F6: 낙동강친수시설-2 | G6: 2 | H6: 물금읍 물금리 657 | J6: 2013 | L6: 35.310572 | M6: 128.97763 | N6: 재난재해,시설물관리
A7: 1 | B7: 재난재해-3 | C7: 3003 | D7: 하천과 | E7: 물금읍 | F7: 낙동강친수시설-3 | G7: 3 | H7: 물금읍 증산리 212 | J7: 2013 | L7: 35.287474 | M7: 129.01075 | N7: 재난재해,시설물관리
A8: 1 | B8: 재난재해-4 | C8: 3004 | D8: 하천과 | E8: 물금읍 | F8: 낙동강친수시설-4 | G8: 2 | H8: 물금읍 증산리 349 | J8: 2013 | L8: 35.291496 | M8: 129.00233 | N8: 재난재해,시설물관리
A9: 1 | B9: 재난재해-5 | C9: 3005 | D9: 하천과 | E9: 원동면 | F9: 낙동강친수시설-5 | G9: 3 | H9: 원동면 서룡리 586 | J9: 2013 | L9: 35.336283 | M9: 128.96002 | N9: 재난재해,시설물관리
A10: 1 | B10: 재난재해-6 | C10: 3006 | D10: 하천과 | E10: 원동면 | F10: 낙동강친수시설-6 | G10: 3 | H10: 원동면 화제리 2879-3 | J10: 2013 | L10: 35.33242 | M10: 128.97088 | N10: 재난재해,시설물관리
A11: 1 | B11: 재난재해-7 | C11: 3007 | D11: 하천과 | E11: 원동면 | F11: 낙동강친수시설-7 | G11: 3 | H11: 원동면 용당리 560 | J11: 2013 | L11: 35.369222 | M11: 128.90395 | N11: 재난재해,시설물관리
A12: 1 | B12: 재난재해-8 | C12: 3008 | D12: 하천과 | E12: 원동면 | F12: 낙동강친수시설-8 | G12: 3 | H12: 원동면 용당리 1314 | J12: 2013 | L12: 35.368757 | M12: 128.88831 | N12: 재난재해,시설물관리
A13: 1 | B13: 재난재해-9 | C13: 3009 | D13: 하천과 | E13: 원동면 | F13: 낙동강친수시설-9 | G13: 2 | H13: 원동면 용당리 1468 | J13: 2013 | L13: 35.377435 | M13: 128.87771 | N13: 재난재해,시설물관리
A14: 1 | B14: 재난재해-10 | C14: 3010 | D14: 하천과 | E14: 중앙동 | F14: 구름다리-1 | G14: 4 | H14: 북부동 642 | I14: 종합운동장-춘추공원 | J14: 2014 | L14: 35.345998 | M14: 129.032051 | N14: 재난재해,시설물관리
A15: 1 | B15: 재난재해-11 | C15: 3011 | D15: 하천과 | E15: 중앙동 | F15: 구름다리-2 | G15: 1 | H15: 북부동 642 | I15: 종합운동장-춘추공원 | J15: 2014 | L15: 35.345817 | M15: 129.032051 | N15: 재난재해,시설물관리
A16: 1 | B16: 재난재해-12 | C16: 3012 | D16: 하천과 | E16: 원동면 | F16: 낙동강 포토존 | G16: 1 | H16: 물금읍 증산리 1088-1 | I16: 3003 에 등록 | J16: 2013 | L16: 35.291732 | M16: 129.00055 | N16: 재난재해,시설물관리
A17: 1 | B17: 재난재해-13 | C17: 3013 | D17: 시민안전과 | E17: 상북면 | F17: 양산천(소토한우) | G17: 1 | H17: 소토리 1287-34 | L17: 35.397295 | M17: 129.05121 | N17: 재난재해,시설물관리
A18: 1 | B18: 재난재해-14 | C18: 3014 | D18: 시민안전과 | E18: 동면 | F18: 법기 | G18: 1 | H18: 법기리 246-4 | L18: 35.346413 | M18: 129.10939 | N18: 재난재해,시설물관리
A19: 1 | B19: 재난재해-15 | C19: 3015 | D19: 시민안전과 | E19: 평산동 | F19: 무지개(무지개폭포) | G19: 1 | H19: 평산동 1088 | L19: 35.381718 | M19: 129.12323 | N19: 재난재해,시설물관리
A20: 1 | B20: 재난재해-16 | C20: 3016 | D20: 시민안전과 | E20: 원동면 | F20: 대리(포시즌펜션) | G20: 1 | H20: 대리 968-3 | L20: 35.452419 | M20: 128.96401 | N20: 재난재해,시설물관리
A21: 1 | B21: 재난재해-17 | C21: 3017 | D21: 시민안전과 | E21: 원동면 | F21: 선리(느티나무펜션) | G21: 1 | H21: 선리 2163 | L21: 35.498546 | M21: 128.99247 | N21: 재난재해,시설물관리
A22: 1 | B22: 재난재해-18 | C22: 3018 | D22: 시민안전과 | E22: 원동면 | F22: 낙동강(순명원앞) | G22: 1 | H22: 원리 산106-7도 | L22: 35.358468 | M22: 128.92585 | N22: 재난재해,시설물관리
A23: 1 | B23: 재난재해-19 | C23: 3019 | D23: 시민안전과 | E23: 원동면 | F23: 어영(포시즌) | G23: 1 | H23: 영포리 산 230-3 | L23: 35.416751 | M23: 128.93563 | N23: 재난재해,시설물관리
A24: 1 | B24: 재난재해-20 | C24: 3020 | D24: 시민안전과 | E24: 하북면 | F24: 내원사(주차장입구) | G24: 1 | H24: 용연리 278-2 | L24: 35.444591 | M24: 129.09314 | N24: 재난재해,시설물관리
A25: 1 | B25: 재난재해-21 | C25: 3021 | D25: 시민안전과 | E25: 소주동 | F25: 명곡소류지 | G25: 1 | H25: 명동 산 21 | L25: 35.399525 | M25: 129.17547 | N25: 재난재해,시설물관리
A26: 1 | B26: 재난재해-22 | C26: 3022 | D26: 시민안전과 | E26: 소주동 | F26: 소주동 천성리버타운 | G26: 1 | H26: 명동 1033-2 | L26: 35.407772 | M26: 129.16049 | N26: 재난재해,시설물관리
A27: 1 | B27: 재난재해-23 | C27: 3023 | D27: 시민안전과 | E27: 서창동 | F27: 용당동 명문가구 | G27: 1 | H27: 용당동 390-9 | L27: 35.433569 | M27: 129.18919 | N27: 재난재해,시설물관리
A28: 1 | B28: 재난재해-24 | C28: 3024 | D28: 시민안전과 | E28: 원동면 | F28: 적설계 에덴벨리 | G28: 1 | H28: 어곡동2091-13 | L28: 35.421691 | M28: 128.98976 | N28: 재난재해,시설물관리
A29: 1 | B29: 재난재해-25 | C29: 3025 | D29: 시민안전과 | E29: 원동면 | F29: 적설계 원동 늘밭마을 | G29: 1 | H29: 원동면 내포리 1674 | L29: 35.408797 | M29: 128.96801 | N29: 재난재해,시설물관리
A30: 1 | B30: 재난재해-26 | C30: 3026 | D30: 시민안전과 | E30: 원동면 | F30: 적설계 원동 내포리 | G30: 1 | H30: 원동면 대리 966-2 | L30: 35.451996 | M30: 128.9645 | N30: 재난재해,시설물관리
A31: 1 | B31: 재난재해-27 | C31: 3027 | D31: 도로정비과 | E31: 물금읍 | F31: 물금펌프장외부 | G31: 1
A32: 1 | B32: 재난재해-28 | C32: 3028 | D32: 도로정비과 | E32: 물금읍 | F32: ICD차도 | G32: 1
A33: 1 | B33: 재난재해-29 | C33: 3029 | D33: 도로정비과 | E33: 물금읍 | F33: 32채널 NVR_1 | G33: 1
A34: 1 | B34: 재난재해-30 | C34: 3030 | D34: 도로정비과 | E34: 물금읍 | F34: 32채널 NVR_3 | G34: 1
A35: 1 | B35: 재난재해-31 | C35: 3031 | D35: 도로정비과 | E35: 물금읍 | F35: 32채널 NVR_5 | G35: 1
A36: 1 | B36: 재난재해-32 | C36: 3032 | D36: 산림과 | E36: 동면 | F36: 금산수질정수장 | G36: 1 | H36: 동면 금산리 1223-12 | I36: 동면 금산리 1223-12 | J36: 2023.07 | L36: 35.304793 | M36: 129.01986 | N36: 재난재해,산불
A37: 1 | B37: 재난재해-33 | C37: 3033 | D37: 산림과 | E37: 원동면 | F37: 명언마을회관 | G37: 1 | H37: 원동면 화제리 1517 | I37: 원동면 화제리 1517 | J37: 2023.07 | L37: 35.343914 | M37: 128.9796 | N37: 재난재해,산불
A38: 1 | B38: 재난재해-34 | C38: 3034 | D38: 산림과 | E38: 원동면 | F38: 배태고개 | G38: 1 | H38: 원동면 대리 산 78-7 | I38: 원동면 대리 산 78-7 | J38: 2023.07 | L38: 35.44905 | M38: 128.96064 | N38: 재난재해,산불
A39: 1 | B39: 재난재해-35 | C39: 3035 | D39: 산림과 | E39: 상북면 | F39: 소토리저수지 | G39: 1 | H39: 상북면 소토리 866 -2 | I39: 상북면 소토리 866 -2 | J39: 2023.07 | L39: 35.389095 | M39: 129.04603 | N39: 재난재해,산불
A40: 1 | B40: 재난재해-36 | C40: 3036 | D40: 산림과 | E40: 원동면 | F40: 염수봉 | G40: 1 | H40: 원동면 대리 산 90-2 | I40: 원동면 대리 산 90-2 | J40: 2023.07 | L40: 35.452779 | M40: 128.98686 | N40: 재난재해,산불
A41: 1 | B41: 재난재해-37 | C41: 3037 | D41: 산림과 | E41: 평산동 | F41: 웅상정수장 | G41: 1 | H41: 평산동 800 | I41: 평산동 800 | J41: 2023.07 | L41: 35.367408 | M41: 129.13623 | N41: 재난재해,산불
A42: 1 | B42: 재난재해-38 | C42: 3038 | D42: 산림과 | E42: 원동면 | F42: 원동중학교 | G42: 1 | H42: 원동면 원리 577 | I42: 원동면 원리 577 | J42: 2023.07 | L42: 35.375649 | M42: 128.92112 | N42: 재난재해,산불
A43: 1 | B43: 재난재해-39 | C43: 3039 | D43: 하천과 | E43: 상북면 | F43: 감결소_고무보 | G43: 1 | H43: 상북면 소토리 902-3 | I43: 상북면 소토리 902-3 | L43: 35.389338 | M43: 129.04824
A44: 1 | B44: 재난재해-40 | C44: 3040 | D44: 하천과 | E44: 양주동 | F44: 교동가동보_CAM2(P) | G44: 1 | H44: 중부동592-4 | I44: 중부동592-4 | L44: 35.339043 | M44: 129.0261
A45: 1 | B45: 재난재해-41 | C45: 3041 | D45: 하천과 | E45: 삼성동 | F45: 북부천1고무보1 | G45: 2 | H45: 북부동 789 | I45: 북부동 789 | L45: 35.349414 | M45: 129.048
A46: 1 | B46: 재난재해-42 | C46: 3042 | D46: 하천과 | E46: 삼성동 | F46: 북정고무보1 | G46: 1 | H46: 산막동 400-2 | I46: 산막동 400-2 | L46: 35.3736 | M46: 129.04607
A47: 1 | B47: 재난재해-43 | C47: 3043 | D47: 하천과 | E47: 삼성동 | F47: 상계천고무보_CAM2(P) | G47: 1 | H47: 신기동514-4 | I47: 신기동514-4 | L47: 35.358069 | M47: 129.03815
A48: 1 | B48: 재난재해-44 | C48: 3044 | D48: 하천과 | E48: 강서동 | F48: 유산천고무보_CAM1(P) | G48: 2 | H48: 유산동162-57 | I48: 유산동162-57 | L48: 35.364917 | M48: 129.03818
A49: 1 | B49: 재난재해-45 | C49: 3045 | D49: 하천과 | E49: 하북면 | F49: 초산지구(하북)_P1 | G49: 2 | H49: 하북면 순지리 737-1 | I49: 하북면 순지리 737-1 | L49: 35.489324 | M49: 129.08503
A50: 1 | B50: 재난재해-46 | C50: 3046 | D50: 하천과 | E50: 서창동 | F50: 회야강제1고무보2,5,6 | G50: 3 | H50: 명동1004-29 | I50: 명동1004-29 | L50: 35.395566 | M50: 129.16232
A51: 1 | B51: 재난재해-47 | C51: 3047 | D51: 하천과 | E51: 서창동 | F51: 회야강제2고무보3~4 | G51: 2 | H51: 명동1033(MSC) | I51: 명동1033(MSC) | L51: 35.401772 | M51: 129.16082
A52: 1 | B52: 재난재해-48 | C52: 3048 | D52: 시민안전과 | E52: 서창동 | F52: 당촌저수지 | G52: 1 | J52: 2024
A53: 1 | B53: 재난재해-49 | C53: 3049 | D53: 시민안전과 | E53: 소주동 | F53: 백동저수지 | G53: 1 | J53: 2024
A54: 1 | B54: 재난재해-50 | C54: 3050 | D54: 시민안전과 | E54: 원동면 | F54: 물금 동일스위트 아파트 뒤편 | G54: 1 | H54: 가촌리 720-1 | J54: 2022 | L54: 35.324841 | M54: 128.99285 | N54: 재난재해,시설물관리
A55: 1 | B55: 재난재해-51 | C55: 3051 | D55: 시민안전과 | E55: 원동면 | F55: 양산시 배구전용구장 출입구 | G55: 1 | H55: 가촌리 산3-5 | J55: 2022 | L55: 35.326111 | M55: 128.99397 | N55: 재난재해,시설물관리
A56: 1 | B56: 재난재해-52 | C56: 3052 | D56: 시민안전과 | E56: 원동면 | F56: 토곡산약초원 맞은편 | G56: 2 | H56: 원동면 서룡리 1312-4 | J56: 2022 | L56: 35.348688 | M56: 128.93971 | N56: 재난재해,시설물관리
A57: 1 | B57: 재난재해-53 | C57: 3053 | D57: 시민안전과 | E57: 원동면 | F57: 명곡소류지 출입구 | G57: 1 | H57: 명동 산6-1 | J57: 2022 | L57: 35.400156 | M57: 129.17535 | N57: 재난재해,시설물관리

Sheet VMS
A3: 개소 | B3: 구분 | C3: 관리번호 | D3: 관리부서 | E3: 행정동 | F3: 카메라명 | G3: 대수 | H3: 수정주소(도로점용) | I3: 설치 지번 | J3: 실제설치장소(주변) | K3: 설치년도 | L3: 위도 | M3: 경도
A4: =SUM(A5:A13) -> 9 | G4: =SUM(G5:G13) -> 9
A5: 1 | B5: VMS관지 - 1 | D5: 정보통계과 | E5: 중앙동 | F5: 종합운동장(석산교 방향) | G5: 1 | H5: 북부동 469-41 | I5: 북부동 533 | J5: 북부동 533(종합운동장 정문 차량 진입로 부근) | K5: 2013 | L5: 35.344399 | M5: 129.03091
A6: 1 | B6: VMS관지 - 2 | D6: 정보통계과 | E6: 동면 | F6: KCTC물류센터앞 | G6: 1 | H6: 석산리 1295-5 | I6: 석산리 1295-5 | J6: 석산리 1295-5(KCTC 맞은 편) | K6: 2013 | L6: 35.319593 | M6: 129.01864
A7: 1 | B7: VMS관지 - 3 | D7: 정보통계과 | E7: 덕계동 | F7: 덕계사거리(상행) | G7: 1 | H7: 덕계동 736-6 | I7: 덕계동 736-6 | J7: 덕계동 727(장산갈비 주차장 입구) | K7: 2013 | L7: 35.371778 | M7: 129.15088
A8: 1 | B8: VMS관지 - 4 | D8: 정보통계과 | E8: 서창동 | F8: 새마을탑삼거리 | G8: 1 | H8: 명동 749-15 | I8: 명동 736-50 | J8: 명동 736-50(매직카 자동차 정비소 맞은 편 농로 입구) | K8: 2013 | L8: 35.403993 | M8: 129.16337
A9: 1 | B9: VMS관지 - 5 | D9: 정보통계과 | E9: 물금읍 | F9: 범어주공3차 | G9: 1 | H9: 범어리 2833 | I9: 범어리 776-1 | J9: 범어리 773-1(범어 탑마트 맞은 편 부산대병원 쪽) | K9: 2013 | L9: 35.329056 | M9: 129.00484
A10: 1 | B10: VMS관지 - 6 | D10: 정보통계과 | E10: 삼성동 | F10: 양산와이어로프앞 | G10: 1 | H10: 북정동 263-29 | I10: 북정동 263-40 | J10: 북정동 263-9(양산와이어로프 앞) | K10: 2013 | L10: 35.363517 | M10: 129.04167
A11: 1 | B11: VMS관지 - 7 | D11: 정보통계과 | E11: 중앙동 | F11: 종합운동장(양산 IC 방향) | G11: 1 | H11: 북부동 154-4 | I11: 북부동 154-22 | J11: 북주동 154-11(국도 35번 삼우아파트 도로변) | K11: 2013 | L11: 35.347876 | M11: 129.03592
A12: 1 | B12: VMS관지 - 8 | D12: 정보통계과 | E12: 강서동 | F12: 협성강변타운 | G12: 1 | H12: 범어리 2271-9 | I12: 교동 978-4 | J12: 교동 245-8(협상강변아파트 101동 앞 도로변 양산천 쪽) | K12: 2013 | L12: 35.342884 | M12: 129.02644
A13: 1 | B13: VMS관지 - 9 | D13: 정보통계과 | E13: 동면 | F13: SK사송주유소앞 | G13: 1 | H13: 사송리 867-1 | I13: 사송리 355-1 | J13: 사송리 867-1(사송택지-임시도로 육교에서 부산방향으로 300m 지점) | K13: 2013 | L13: 35.308611 | M13: 129.0749

Sheet 시설물
A3: 개소 | B3: 구분 | C3: 관리번호 | D3: 관리부서 | E3: 행정동 | F3: 카메라명 | G3: 대수 | H3: 설치 지번 | I3: 실제설치장소(주변) | J3: 설치년도 | K3: 변경년도 | L3: 위도 | M3: 경도 | N3: 설치목적
A4: =SUM(A5:A32) -> 11 | G4: =SUM(G5:G30) -> 11
A5: 1 | B5: 시설물관리(방범용) | C5: 5001 | D5: 문화관광과 | E5: 중앙동 | F5: 양산대종 | G5: 1 | H5: 북부동 849 | J5: 2014 | L5: 35.343957 | M5: 129.03067 | N5: 시설물관리
A6: 1 | B6: 방범용-487 | C6: 535 | D6: 시설관리공단 | E6: 물금읍 | F6: 황산공원 미니기차길 좌1 | G6: 1 | H6: 물금읍 증산리 185-5 | J6: 2018.04 | K6: 2018 | L6: 35.299211 | M6: 128.99108 | N6: 공원관리
A7: 1 | B7: 방범용-488 | C7: 536 | D7: 시설관리공단 | E7: 물금읍 | F7: 황산공원 미니기차길 좌2 | G7: 1 | H7: 물금읍 증산리 912-1 | J7: 2018.04 | K7: 2018 | L7: 35.299045 | M7: 128.991 | N7: 공원관리
A8: 1 | B8: 방범용-489 | C8: 537 | D8: 시설관리공단 | E8: 물금읍 | F8: 황산공원 미니기차길 우1 | G8: 1 | H8: 물금읍 물금리185-16 | J8: 2018.04 | K8: 2018 | L8: 35.298968 | M8: 128.99224 | N8: 공원관리
A9: 1 | B9: 방범용-490 | C9: 538 | D9: 시설관리공단 | E9: 물금읍 | F9: 황산공원 미니기차길 우2 | G9: 1 | H9: 물금읍 증산리 922-2 | J9: 2018.04 | K9: 2018 | L9: 35.298679 | M9: 128.99218 | N9: 공원관리
A10: 1 | B10: 방범용-491 | C10: 539 | D10: 시설관리공단 | E10: 물금읍 | F10: 황산공원 미니기차 차고지 | G10: 1 | H10: 물금읍 물금리 179-22 | J10: 2018.04 | K10: 2018 | L10: 35.299248 | M10: 128.99091 | N10: 공원관리
A11: 1 | B11: 방범용-492 | C11: 540 | D11: 시설관리공단 | E11: 물금읍 | F11: 황산공원 미니기차앞 공원 | G11: 1 | H11: 물금읍 물금리 179-22 | J11: 2018.04 | K11: 2018 | L11: 35.299117 | M11: 128.99112 | N11: 공원관리
A12: 1 | B12: 방범용-493 | C12: 541 | D12: 시설관리공단 | E12: 물금읍 | F12: 황산공원 미니기차 매표소 | G12: 1 | H12: 물금읍 물금리 179-22 | J12: 2018.04 | K12: 2018 | L12: 35.299301 | M12: 128.9911 | N12: 공원관리
A13: 1 | B13: 방범용 | C13: 5002 | D13: 균형개발과 | E13: 중앙동 | F13: 신기무지개길 스마트가로등 1 | G13: 1 | H13: 북부동 776 | I13: 스마트가로등 상단 cctv | J13: 2023.06 | K13: 2023 | L13: 35.348456 | M13: 129.0476 | N13: 마을 방범
A14: 1 | B14: 방범용 | C14: 5003 | D14: 균형개발과 | E14: 중앙동 | F14: 신기무지개길 스마트가로등 2 | G14: 1 | H14: 북부동 757 | I14: 스마트가로등 상단 cctv | J14: 2023.06 | K14: 2023 | L14: 35.349681 | M14: 129.04707 | N14: 마을 방범
A15: 1 | B15: 방범용 | C15: 5004 | D15: 균형개발과 | E15: 중앙동 | F15: 신기무지개길 스마트가로등 3 | G15: 1 | H15: 북부동 712-4 | I15: 스마트가로등 상단 cctv | J15: 2023.06 | K15: 2023 | L15: 35.350232 | M15: 129.04625 | N15: 마을 방범

Sheet 주정차
A2: 개소 | B2: 관리번호 | C2: 관리부서 | D2: 행정동 | E2: 카메라명 | F2: 대수 | G2: 회전형 | H2: 고정형 | I2: 전광판 | J2: 신주소 | K2: 도로명주소 | L2: 설치 지번 | M2: 설치년월 | N2: 위도2 | O2: 경도 | P2: 설치목적
A3: =SUM(A4:A4111) -> 76 | F3: =SUM(F4:F111) -> 230 | G3: =SUM(G4:G111) -> 76 | H3: =SUM(H4:H486) -> 230 | I3: =SUM(I4:I111) -> 20
A4: 1 | B4: 8001 | C4: 교통정책과 | D4: 물금읍 | E4: 물금농협황산지점 주변 | F4: 3 | G4: 1 | H4: 3 | J4: 물금읍 삽량로 30 | K4: 범어리 2743 | L4: 물금읍 삽량로 30 | M4: 2014.01 | N4: 35.32904 | O4: 129.01233 | P4: 주정차단속
A5: 1 | B5: 8002 | C5: 교통정책과 | D5: 양주동 | E5: 양산신도시쌍용아파트 주변 | F5: 4 | G5: 1 | H5: 4 | J5: 삽량로 201 | K5: 중부동 693-5 | L5: 삽량로 201 | M5: 2014.01 | N5: 35.334589 | O5: 129.03097 | P5: 주정차단속
A6: 1 | B6: 8003 | C6: 교통정책과 | D6: 삼성동 | E6: 산막공단입구 | F6: 2 | G6: 1 | H6: 2 | J6: 산막공단로 14 | K6: 산막동 152 | L6: 북정동 168 | M6: 2014.03 | N6: 35.370737 | O6: 129.0468 | P6: 주정차단속
A7: 1 | B7: 8004 | C7: 교통정책과 | D7: 물금읍 | E7: 우미린아파트 인근 | F7: 2 | G7: 1 | H7: 2 | J7: 물금읍 범어로 77 | K7: 물금읍 범어리 2744 | L7: 범어로 77 | M7: 2014.03 | N7: 35.328795 | O7: 129.01458 | P7: 주정차단속
A8: 1 | B8: 8005 | C8: 교통정책과 | D8: 물금읍 | E8: 황산우체국 인근 | F8: 4 | G8: 1 | H8: 4 | J8: 물금읍 신주로 41 | K8: 물금읍 신주로 41 | L8: 물금읍 신주로 40 | M8: 2016.04 | N8: 35.33337 | O8: 129.01626 | P8: 주정차단속
A9: 1 | B9: 8006 | C9: 교통정책과 | D9: 물금읍 | E9: 국민연금공단사거리 | F9: 4 | G9: 1 | H9: 4 | J9: 물금읍 청운로 354 | K9: 물금읍 청운로 354 | L9: 물금읍 청운로 350 | M9: 2015.05 | N9: 35.326316 | O9: 129.01774 | P9: 주정차단속
A10: 1 | B10: 8007 | C10: 교통정책과 | D10: 물금읍 | E10: 워터파크 인근 | F10: 3 | G10: 1 | H10: 3 | J10: 물금읍 신주2길 25 | K10: 물금읍 신주2길 25 | L10: 물금읍 범어리 2727 | M10: 2015.04 | N10: 35.338079 | O10: 129.02152 | P10: 주정차단속
A11: 1 | B11: 8008 | C11: 교통정책과 | D11: 양주동 | E11: 이마트 후문 인근 | F11: 3 | G11: 1 | H11: 3 | J11: 양산역1길 14 | K11: 중부동 687-2 | L11: 양산역6길 13 | M11: 2016.04 | N11: 35.337198 | O11: 129.02768 | P11: 주정차단속
A12: 1 | B12: 8009 | C12: 교통정책과 | D12: 양주동 | E12: 이마트 정문 인근 | F12: 3 | G12: 1 | H12: 3 | J12: 양산역6길 13 | K12: 중부동 692-5 | L12: 양산역1길 14 | M12: 2014.03 | N12: 35.336306 | O12: 129.02761 | P12: 주정차단속
A13: 1 | B13: 8010 | C13: 교통정책과 | D13: 동면 | E13: 메가박스양산점 인근 | F13: 2 | G13: 1 | H13: 2 | J13: 양산역7길 10 | K13: 중부동 686-7 | L13: 양산역7길 10 | M13: 2015.04 | N13: 35.338477 | O13: 129.02703 | P13: 주정차단속
A14: 1 | B14: 8011-1 | C14: 교통정책과 | D14: 동면 | E14: GOOD프라임빌딩 앞 사거리 | F14: 4 | G14: 1 | H14: 4 | J14: 동면 금오로 242 | K14: 동면 석산리 1477-1 | L14: 동면 금오로 242 | M14: 2015.04 | N14: 35.315608 | O14: 129.0254 | P14: 주정차단속
A15: 1 | B15: 8012 | C15: 교통정책과 | D15: 삼성동 | E15: 북정동 네오파트 앞 | F15: 3 | G15: 1 | H15: 3 | J15: 북정로 24 | K15: 북정동 890-4 | L15: 북정로 24 | M15: 2014.03 | N15: 35.358965 | O15: 129.04262 | P15: 주정차단속
A16: 1 | B16: 8013 | C16: 교통정책과 | D16: 삼성동 | E16: 삼성동주민센터 인근 | F16: 2 | G16: 1 | H16: 2 | J16: 신기서길 27 | K16: 신기동 508-5 | L16: 신기서길 27 | M16: 2014.03 | N16: 35.35281 | O16: 129.04062 | P16: 주정차단속
A17: 1 | B17: 8014 | C17: 교통정책과 | D17: 중앙동 | E17: 상공회의소 인근 | F17: 2 | G17: 1 | H17: 2 | J17: 중앙로 209 | K17: 북부동 687-10 | L17: 중앙로 209 | M17: 2014.03 | N17: 35.349153 | O17: 129.04022 | P17: 주정차단속
A18: 1 | B18: 8015 | C18: 교통정책과 | D18: 중앙동 | E18: 신한은행 앞 | F18: 2 | G18: 1 | H18: 2 | J18: 중앙로 177 | K18: 북부동 483-4 | M18: 2014.03 | N18: 35.346461 | O18: 129.0391 | P18: 주정차단속
A19: 1 | B19: 8016 | C19: 교통정책과 | D19: 중앙동 | E19: 경남은행 사거리 주변 | F19: 4 | G19: 1 | H19: 4 | J19: 삼일로 101 | K19: 북부동 422-28 | L19: 삼일로 101 | M19: 2014.03 | N19: 35.344112 | O19: 129.0384 | P19: 주정차단속
A20: 1 | B20: 8017 | C20: 교통정책과 | D20: 중앙동 | E20: 남부시장 인근 | F20: 2 | G20: 1 | H20: 2 | J20: 중앙로 128 | K20: 중앙로 130 | L20: 중앙로 128 | M20: 2014.03 | N20: 35.342008 | O20: 129.0377 | P20: 주정차단속
A21: 1 | B21: 8018 | C21: 교통정책과 | D21: 중앙동 | E21: 구 터미널 인근 | F21: 2 | G21: 1 | H21: 2 | J21: 삼일로 67 | K21: 북부동 462-32 | L21: 삼일로 67 | M21: 2014.03 | N21: 35.343838 | O21: 129.03495 | P21: 주정차단속
A22: 1 | B22: 8019 | C22: 교통정책과 | D22: 양주동 | E22: 주공7차 사거리 주변 | F22: 2 | G22: 1 | H22: 2 | J22: 양주로 46 | K22: 양주로 46 | L22: 남부동 565-2 | M22: 2014.03 | N22: 35.331859 | O22: 129.02592 | P22: 주정차단속
A23: 1 | B23: 8020 | C23: 교통정책과 | D23: 물금읍 | E23: 범어대동 삼거리 주변 | F23: 3 | G23: 1 | H23: 3 | J23: 물금읍 오봉로 165 | K23: 물금읍 범어리 682-1 | L23: 물금읍 오봉로 165 | M23: 2014.03 | N23: 35.335098 | O23: 129.00577 | P23: 주정차단속
A24: 1 | B24: 8021 | C24: 교통정책과 | D24: 물금읍 | E24: 물금역주변 | F24: 4 | G24: 1 | H24: 4 | J24: 물금읍 황산로 338 | K24: 물금읍 황산로 338 | L24: 물금읍 황산로 338 | M24: 2017.01 | N24: 35.30749 | O24: 128.98557 | P24: 주정차단속
A25: 1 | B25: 8022 | C25: 교통정책과 | D25: 물금읍 | E25: 양우내안애2차아파트 주변 | F25: 3 | G25: 1 | H25: 3 | J25: 물금읍 물금로 178 | K25: 물금읍 가촌리 1269-4 | L25: 물금읍 물금로 178 | M25: 2017.01 | N25: 35.317371 | O25: 128.99997 | P25: 주정차단속
A26: 1 | B26: 8023 | C26: 교통정책과 | D26: 물금읍 | E26: 힐데스하임 앞 사거리 | F26: 4 | G26: 1 | H26: 4 | J26: 물금읍 야리로 75 | K26: 범어리 2786-5 | L26: 새실1길 50 | M26: 2016.04 | N26: 35.31664 | O26: 129.00747 | P26: 주정차단속
A27: 1 | B27: 8024 | C27: 교통정책과 | D27: 동면 | E27: 양산제일병원 인근 | F27: 2 | G27: 1 | H27: 2 | J27: 동면 금오로 255 | K27: 동면 석산리 1492 | L27: 동면 금오로 255 | M27: 2017.07 | N27: 35.316257 | O27: 129.0275 | P27: 주정차단속
A28: 1 | B28: 8025 | C28: 교통정책과 | D28: 물금읍 | E28: CGV양산물금점 인근 | F28: 2 | G28: 1 | H28: 2 | J28: 물금읍 백호로 70 | K28: 물금읍 가촌리 1269-13 | L28: 물금읍 백호로 70 | M28: 2018.03 | N28: 35.318118 | O28: 129.0023 | P28: 주정차단속
A29: 1 | B29: 8026 | C29: 교통정책과 | D29: 물금읍 | E29: 양우1,2차 상가 주변 | F29: 2 | G29: 1 | H29: 2 | J29: 물금읍 야리로 21 | K29: 물금읍 가촌리 1279-7 | L29: 물금읍 야리로 21 | M29: 2018.03 | N29: 35.317331 | O29: 129.00088 | P29: 주정차단속
A30: 1 | B30: 8027 | C30: 교통정책과 | D30: 물금읍 | E30: 증산역 앞 사거리 | F30: 4 | G30: 1 | H30: 4 | J30: 물금읍 증산역로 163 | K30: 물금읍 증산역로 163 | L30: 물금읍 증산역로 163 | M30: 2018.03 | N30: 35.309185 | O30: 129.00726 | P30: 주정차단속
A31: 1 | B31: 8028 | C31: 교통정책과 | D31: 동면 | E31: 석산 동원2차 사거리 | F31: 4 | G31: 1 | H31: 4 | J31: 동면 금오16길 4 | K31: 동면 석산리 1448-5 | L31: 동면 금오16길 4 | M31: 2018.03 | N31: 35.317964 | O31: 129.0256 | P31: 주정차단속
A32: 1 | B32: 8029 | C32: 교통정책과 | D32: 동면 | E32: 석산 e편한2차 삼거리 | F32: 3 | G32: 1 | H32: 3 | J32: 동면 금오13길 54 | K32: 석산리 1449-1 | L32: 동면 금오13길 54 | M32: 2018.03 | N32: 35.320493 | O32: 129.02437 | P32: 주정차단속
A33: 1 | B33: 8030 | C33: 교통정책과 | D33: 물금읍 | E33: MK프라자 앞 | F33: 3 | G33: 1 | H33: 3 | J33: 물금읍 메기로 190 | K33: 물금읍 증산리 1820 | L33: 물금읍 메기로 190 | M33: 2018.11 | N33: 35.310777 | O33: 129.01064 | P33: 주정차단속
A34: 1 | B34: 8031 | C34: 교통정책과 | D34: 물금읍 | E34: 이지더원5차 사거리 주변 | F34: 4 | G34: 1 | H34: 4 | J34: 물금읍 물금로 60 | K34: 물금읍 물금리 898-2 | L34: 물금읍 물금로 60 | M34: 2019.05 | N34: 35.311399 | O34: 128.99125 | P34: 주정차단속
A35: 1 | B35: 8032 | C35: 교통정책과 | D35: 물금읍 | E35: 이지더원1차 사거리 주변 | F35: 4 | G35: 1 | H35: 4 | J35: 물금읍 새실로 53 | K35: 물금읍 새실로 53 | L35: 물금읍 가촌리 1279-8 | M35: 2019.05 | N35: 35.312051 | O35: 128.99687 | P35: 주정차단속
... A42: 1 | B42: 8039 | C42: 교통정책과 | D42: 물금읍 | E42: 양산부산대병원 인근 | F42: 3 | G42: 1 | H42: 3 | J42: 물금읍 금오로 20 | K42: 물금읍 범어리 2742 | L42: 물금읍 금오로 20 | M42: 2016.04 | N42: 35.326381 | O42: 129.01102 | P42: 주정차단속
A43: 1 | B43: 8040 | C43: 교통정책과 | D43: 물금읍 | E43: 반도유보라4차 사거리 | F43: 4 | G43: 1 | H43: 4 | J43: 물금읍 백호로 91 | K43: 물금읍 백호로 91 | M43: 2016.04 | N43: 35.317185 | O43: 129.00344 | P43: 주정차단속
A44: 1 | B44: 8041 | C44: 교통정책과 | D44: 물금읍 | E44: 양우1차 사거리 | F44: 4 | G44: 1 | H44: 4 | J44: 물금읍 야리로 31 | K44: 물금읍 야리로 31 | L44: 물금읍 야리로 31 | M44: 2016.04 | N44: 35.316227 | O44: 129.00212 | P44: 주정차단속
A45: 1 | B45: 8042 | C45: 교통정책과 | D45: 물금읍 | E45: 반도4차후문 사거리 | F45: 4 | G45: 1 | H45: 4 | J45: 물금읍 새실1길 50 | K45: 물금읍 범어리 2786-5 | L45: 물금읍 새실1길 50 | M45: 2017.01 | N45: 35.315968 | O45: 129.00751 | P45: 주정차단속
A46: 1 | B46: 8043 | C46: 교통정책과 | D46: 물금읍 | E46: 부산대양산캠퍼스역 | F46: 3 | G46: 1 | H46: 3 | J46: 물금읍 메기로 270 | K46: 물금읍 부산대학로 156 | L46: 물금읍 메기로 270 | M46: 2016.04 | N46: 35.315401 | O46: 129.01266 | P46: 주정차단속
A47: 1 | B47: 8044 | C47: 교통정책과 | D47: 동면 | E47: 남양산 맥도날드 인근 | F47: 2 | G47: 1 | H47: 2 | J47: 동면 남양산길 7 | K47: 동면 석산리 1421-9 | L47: 동면 남양산길 7 | M47: 2016.04 | N47: 35.328259 | O47: 129.03385 | P47: 주정차단속
A48: 1 | B48: 8045 | C48: 교통정책과 | D48: 물금읍 | E48: 라피에스타주차장 입구 | F48: 2 | G48: 1 | H48: 2 | J48: 물금읍 야리2길 31 | K48: 물금읍 가촌리 1294-2 | L48: 물금읍 야리2길 31 | M48: 2018.10 | N48: 35.309669 | O48: 129.00846 | P48: 주정차단속
A49: 1 | B49: 8046 | C49: 교통정책과 | D49: 물금읍 | E49: 우성시티뷰 사거리 | F49: 4 | G49: 1 | H49: 4 | J49: 물금읍 야리로 127 | K49: 물금읍 야리로 127 | L49: 물금읍 야리로 127 | M49: 2018.10 | N49: 35.311172 | O49: 129.00922 | P49: 주정차단속
A50: 1 | B50: 8047 | C50: 교통정책과 | D50: 물금읍 | E50: 증산역 삼거리 주변 | F50: 3 | G50: 1 | H50: 3 | J50: 물금읍 메기로 168 | K50: 증산리 1827 | L50: 물금읍 메기로 168 | M50: 2018.10 | N50: 35.308443 | O50: 129.00961 | P50: 주정차단속
A51: 1 | B51: 8048 | C51: 교통정책과 | D51: 강서동 | E51: 월드메르디앙2단지 주변 | F51: 3 | G51: 1 | H51: 3 | J51: 교동1길 61 | K51: 교동 283-7 | L51: 교동1길 65 | M51: 2018.12 | N51: 35.347504 | O51: 129.02283 | P51: 주정차단속
A52: 1 | B52: 8049 | C52: 교통정책과 | D52: 강서동 | E52: 월드메르디앙1단지 주변 | F52: 3 | G52: 1 | H52: 3 | J52: 교동1길 65 | K52: 교동 611 | L52: 교동1길 61 | M52: 2018.12 | N52: 35.347773 | O52: 129.02115 | P52: 주정차단속
A53: 1 | B53: 8050 | C53: 교통정책과 | D53: 물금읍 | E53: 힘나는병원 앞 | F53: 2 | G53: 1 | H53: 2 | J53: 물금읍 부산대학로 130 | K53: 물금읍 범어리 2762-11 | L53: 물금읍 부산대학로 130 | M53: 2021.08 | N53: 35.317402 | O53: 129.01028 | P53: 주정차단속
A54: 1 | B54: 8051 | C54: 교통정책과 | D54: 양주동 | E54: 중부초등학교 정문 | F54: 2 | G54: 1 | H54: 2 | J54: 양주로 140 | K54: 중부동 697-3 | L54: 중부동 697-3 | M54: 2022.06 | N54: 35.336792 | O54: 129.03208 | P54: 주정차단속
A55: 1 | B55: 8052 | C55: 교통정책과 | D55: 중앙동 | E55: 지안스아파트 앞 사거리 | F55: 4 | G55: 1 | H55: 4 | J55: 호국학도병길 17 | K55: 북부동 227-4 | L55: 호국학도병길 17 | M55: 2019.08 | N55: 35.34891 | O55: 129.04167 | P55: 주정차단속
A56: 1 | B56: 8053 | C56: 교통정책과 | D56: 물금읍 | E56: 물금중학교 앞 사거리 | F56: 4 | G56: 1 | H56: 4 | J56: 물금읍 새실로 39 | K56: 물금읍 가촌리 1272-12 | L56: 물금읍 새실로 39 | M56: 2020.05 | N56: 35.31389 | O56: 128.99407 | P56: 주정차단속
A57: 1 | B57: 8054 | C57: 교통정책과 | D57: 물금읍 | E57: 한양수자인 아파트 후문 | F57: 2 | G57: 1 | H57: 2 | J57: 물금읍 물금로 96-35 | K57: 물금읍 가촌리 1275-6 | L57: 물금읍 물금로 96-35 | M57: 2020.05 | N57: 35.312665 | O57: 128.99471 | P57: 주정차단속
A58: 1 | B58: 8055 | C58: 교통정책과 | D58: 중앙동 | E58: 쌍용아파트 앞 사거리 | F58: 4 | G58: 1 | H58: 4 | J58: 양주로 99 | K58: 중부동 697-4 | L58: 양주로 99 | M58: 2020.05 | N58: 35.334524 | O58: 129.03178 | P58: 주정차단속
A59: 1 | B59: 8056 | C59: 교통정책과 | D59: 동면 | E59: 금오초등학교 앞 | F59: 2 | G59: 1 | H59: 2 | I59: 1 | J59: 동면 금오16길 100 | K59: 동면 석산리 1448-1 | L59: 동면 금오16길 100 | M59: 2021.04 | N59: 35.322853 | O59: 129.02781 | P59: 주정차단속
A60: 1 | B60: 8057 | C60: 교통정책과 | D60: 물금읍 | E60: 물금양우5차아파트 앞 사거리 | F60: 4 | G60: 1 | H60: 4 | I60: 1 | J60: 물금읍 물금로 28 | K60: 물금리 890-11 | L60: 물금읍 물금로 28 | M60: 2021.04 | N60: 35.308873 | O60: 128.98884 | P60: 주정차단속
A61: 1 | B61: 8058 | C61: 교통정책과 | D61: 물금읍 | E61: 본바른병원 인근 | F61: 2 | G61: 1 | H61: 2 | I61: 1 | J61: 물금읍 범구로 23 | K61: 물금읍 범구로 17 | L61: 범어리 2711-26 | M61: 2021.04 | N61: 35.327952 | O61: 129.01409 | P61: 주정차단속
A62: 1 | B62: 8059 | C62: 교통정책과 | D62: 물금읍 | E62: 가촌초등학교 앞 사거리 | F62: 4 | G62: 1 | H62: 4 | I62: 1 | J62: 물금읍 물금로 139 | K62: 물금읍 가촌리 1273-2 | L62: 물금읍 물금로 139 | M62: 2021.04 | N62: 35.316923 | O62: 128.99701 | P62: 주정차단속
A63: 1 | B63: 8060 | C63: 교통정책과 | D63: 물금읍 | E63: 물금초등학교 앞 | F63: 4 | G63: 1 | H63: 4 | I63: 1 | J63: 물금읍 가촌새터길 15 | K63: 물금읍 가촌리 464-8 | L63: 물금읍 가촌새터길 15 | M63: 2021.07 | N63: 35.315942 | O63: 128.99039 | P63: 주정차단속
A64: 1 | B64: 8061 | C64: 교통정책과 | D64: 중앙동 | E64: 신양초등학교 앞 | F64: 2 | G64: 1 | H64: 2 | I64: 1 | J64: 양주로 27 | K64: 양주로 33 | L64: 양주로 27 | M64: 2021.07 | N64: 35.333004 | O64: 129.02529 | P64: 주정차단속
A65: 1 | B65: 8062 | C65: 교통정책과 | D65: 물금읍 | E65: 범어초등학교 사거리 | F65: 4 | G65: 1 | H65: 4 | I65: 1 | J65: 물금읍 동중7길 24 | K65: 물금읍 범어리 477-25 | L65: 물금읍 동중7길 24 | M65: 2022.06 | N65: 35.332011 | O65: 129.00583 | P65: 주정차단속
A66: 1 | B66: 8063 | C66: 교통정책과 | D66: 물금읍 | E66: 대방8차 사거리 | F66: 4 | G66: 1 | H66: 4 | I66: 1 | J66: 물금읍 야리로 75 | K66: 물금읍 가촌리 1281 | L66: 물금읍 야리로 75 | M66: 2022.06 | N66: 35.315321 | O66: 129.0043 | P66: 주정차단속
A67: 1 | B67: 8064 | C67: 교통정책과 | D67: 물금읍 | E67: 물금동일스위트 삼거리 | F67: 3 | G67: 1 | H67: 3 | I67: 1 | J67: 물금읍 가촌서로 93 | K67: 물금읍 가촌리 720-4 | L67: 물금읍 가촌서로 93 | M67: 2022.06 | N67: 35.325329 | O67: 128.99556 | P67: 주정차단속
A68: 1 | B68: 8065 | C68: 교통정책과 | D68: 물금읍 | E68: 물금코오롱하늘채 정문 | F68: 3 | G68: 1 | H68: 3 | I68: 1 | J68: 물금읍 가촌서로 45 | K68: 물금읍 가촌리 558-6 | L68: 물금읍 가촌서로 45 | M68: 2022.06 | N68: 35.320449 | O68: 128.99065 | P68: 주정차단속
A69: 1 | B69: 8066 | C69: 교통정책과 | D69: 중앙동 | E69: 양산초등학교 정문 | F69: 4 | G69: 1 | H69: 4 | I69: 1 | J69: 북안남5길 29 | K69: 북부동 204-2 | L69: 북부동 204-2 | M69: 2022.06 | N69: 35.3461 | O69: 129.04188 | P69: 주정차단속
A70: 1 | B70: 8067 | C70: 교통정책과 | D70: 삼성동 | E70: 북정초등학교 정문 | F70: 3 | G70: 1 | H70: 3 | I70: 1 | J70: 북정서길 25 | K70: 북정동 887-4 | L70: 북정동 887-4 | M70: 2022.06 | N70: 35.359565 | O70: 129.04217 | P70: 주정차단속
... A74: 1 | B74: 8071 | C74: 교통정책과 | D74: 동면 | E74: 동산초등학교 정문 | F74: 4 | G74: 1 | H74: 4 | I74: 1 | J74: 동면 양산대로 346 | K74: 동면 금산리 771-2 | L74: 동면 양산대로 346 | M74: 2022.06 | N74: 35.303845 | O74: 129.02492 | P74: 주정차단속
A75: 1 | B75: 8074 | C75: 교통정책과 | D75: 물금읍 | E75: 황산마을공영주차장 앞 | F75: 3 | G75: 1 | H75: 3 | I75: 1 | J75: 물금읍 화합길 26 | K75: 범어리 2731 | L75: 범어리 2683-16 맞은편 공원 입구 | M75: 2024.07 | P75: 주정차단속
A76: 1 | B76: 8075 | C76: 교통정책과 | D76: 양주동 | E76: 금호리첸시아 102동 앞 | F76: 2 | G76: 1 | H76: 2 | I76: 1 | J76: 서일동1길 60 | K76: 중부동 433-4 | M76: 2024.07 | P76: 주정차단속
A77: 1 | B77: 8076 | C77: 교통정책과 | D77: 양주동 | E77: 금호리첸시아 101동 앞 | F77: 3 | G77: 1 | H77: 3 | I77: 1 | J77: 서일동1길 60 | K77: 중부동 402-1 | M77: 2024.07 | P77: 주정차단속
A78: 1 | B78: 8077 | C78: 교통정책과 | D78: 동면 | E78: 남양산더샵센텀포레 인근 | F78: 3 | G78: 1 | H78: 3 | I78: 1 | J78: 석산2길 23 | K78: 석산리 524 | L78: 석산리 519-1 앞 사거리 | M78: 2024.07 | P78: 주정차단속
A79: 1 | B79: 8082 | C79: 교통정책과 | D79: 물금읍 | E79: 범어브라운스톤 후문 | F79: 3 | G79: 1 | H79: 3 | J79: 물금읍 황산로 699 | K79: 물금읍 범어리 409(범어브라운스톤 후문) | M79: 2022.11 | P79: 주정차단속

Sheet 신호등교차로cctv
A1: 개소 | B1: 관리번호 | C1: 카메라명 | D1: 행정동 | E1: 대수 | F1: PTZ (회전형) | G1: 고정형 | H1: 수정 주소(도로점용 관련) | I1: 실제설치장소(주변) | J1: 위도 | K1: 경도
A2: =SUM(A3:A99) -> 51 | E2: =SUM(E3:E54) -> 51 | F2: =SUM(F3:F54) -> 7 | G2: =SUM(G3:G54) -> 44
A3: 1 | B3: 7001 | C3: 가양초등학교앞 | D3: 물금읍 | E3: =SUM(F3:G3) -> 1 | G3: 1 | H3: 물금리 898-2 | I3: 가양초등학교 대각선 맞은편 큰 사거리(횡단보도 위 고정카메라) | J3: 35.311379 | K3: 128.9915
A4: 1 | B4: 7002 | C4: 대방7차옆사거리(돔) | D4: 물금읍 | E4: =SUM(F4:G4) -> 1 | F4: 1 | H4: 가촌리 1279-9 | I4: 물금중학교 사거리 | J4: 35.313852 | K4: 128.9941
A5: 1 | B5: 7003 | C5: 석계교차로(고정) | D5: 상북면 | E5: =SUM(F5:G5) -> 1 | G5: 1 | H5: 상북면 석계리 553-3 | I5: 석계산단 교차로 | J5: 35.405999 | K5: 129.05604
A6: 1 | B6: 7004 | C6: 양우1차사거리 | D6: 물금읍 | E6: =SUM(F6:G6) -> 1 | G6: 1 | H6: 가촌리 1280-8 | I6: 아르누보시티 빌딩 입구 | J6: 35.316165 | K6: 129.00232
A7: 1 | B7: 7005 | C7: 이지더원2차옆사거리(돔) | D7: 물금읍 | E7: =SUM(F7:G7) -> 1 | F7: 1 | H7: 물금리 898-2 | I7: 가양초등학교 대각선 맞은편 큰 사거리(모서리 폴대 위 돔 카메라) | J7: 35.311249 | K7: 128.99159
A8: 1 | B8: 7006 | C8: 계석교차로(돔) | D8: 동면 | E8: =SUM(F8:G8) -> 1 | F8: 1 | H8: 석산리 1536 | I8: 계석교차로(육교 계단 앞) | J8: 35.328191 | K8: 129.03431
A9: 1 | B9: 7007 | C9: 대방노블랜드(고정) | D9: 물금읍 | E9: =SUM(F9:G9) -> 1 | G9: 1 | H9: 가촌리 1279-8 | I9: 양우내안애1차 버스정류장(물금농협가촌리지점방면) | J9: 35.314586 | K9: 129.00033
A10: 1 | B10: 7008 | C10: 대방노블랜드7차(고정) | D10: 물금읍 | E10: =SUM(F10:G10) -> 1 | G10: 1 | H10: 황산로 453 | I10: 이디야커피 | J10: 35.315391 | K10: 128.99127
A11: 1 | B11: 7009 | C11: 범어교차로(돔) | D11: 물금읍 | E11: =SUM(F11:G11) -> 1 | F11: 1 | H11: 범어리 2763 | I11: 범어초등학교 버스정류장(경민아파트방면) | J11: 35.330741 | K11: 129.00731
A12: 1 | B12: 7010 | C12: 서창산업단지(돔) | D12: 서창동 | E12: =SUM(F12:G12) -> 1 | F12: 1 | H12: 주남로 147 | I12: 주남로 147 | J12: 35.423438 | K12: 129.15584
A13: 1 | B13: 7011 | C13: 웅상롯데캐슬(돔) | D13: 소주동 | E13: =SUM(F13:G13) -> 1 | F13: 1 | H13: 주진동 49-2 | I13: 양산롯데캐슬입구 버스정류장(웅상문화체육센터입구 방면) | J13: 35.394555 | K13: 129.15957
A14: 1 | B14: 7012 | C14: 회야교교차로(돔) | D14: 서창동 | E14: =SUM(F14:G14) -> 1 | F14: 1 | H14: 용당동 390-6 | I14: 웅비공업지구 버스정류장(용당마을 방면) | J14: 35.434057 | K14: 129.19022
A15: 1 | B15: 7013 | C15: 호포삼거리(부도로) | D15: 동면 | E15: =SUM(F15:G15) -> 1 | G15: 1 | H15: 동면 가산리 436-5 | I15: 호포역 건너편 꽃집 앞 | J15: 35.280327 | K15: 129.01668
A16: 1 | B16: 7014 | C16: 가산중리마을2(주도로) | D16: 동면 | E16: =SUM(F16:G16) -> 1 | G16: 1 | H16: 동면 가산리 784-10 | I16: 가산중리마을 교차로 | J16: 35.295149 | K16: 129.02052
A17: 1 | B17: 7014 | C17: 가산중리마을2(부도로) | D17: 동면 | E17: =SUM(F17:G17) -> 1 | G17: 1 | H17: 동면 가산리 784-10 | I17: 가산중리마을 교차로
A18: 1 | B18: 7015 | C18: 영락교회앞(주도로) | D18: 동면 | E18: =SUM(F18:G18) -> 1 | G18: 1 | H18: 동면 가산리 847-16 | I18: 영락교회 | J18: 35.298165 | K18: 129.02122
A19: 1 | B19: 7015 | C19: 영락교회앞(부도로) | D19: 동면 | E19: =SUM(F19:G19) -> 1 | G19: 1 | H19: 동면 가산리 847-16 | I19: 영락교회
A20: 0 | B20: 7016 | C20: 금산2교차로(부도로) | D20: 동면 | E20: =SUM(F20:G20) -> 0 | G20: 0 | H20: 동면 금산리 1098-11 | I20: 금산2교차로 | J20: 35.301502 | K20: 129.02267
A21: 1 | B21: 7016 | C21: 금산2교차로(주도로) | D21: 동면 | E21: =SUM(F21:G21) -> 1 | G21: 1 | H21: 동면 금산리 1098-11 | I21: 금산2교차로
A22: 1 | B22: 7017 | C22: 금산3교차로(주도로) | D22: 동면 | E22: =SUM(F22:G22) -> 1 | G22: 1 | H22: 동면 금산리 1485 | I22: 금산2교 | J22: 35.305742 | K22: 129.02555
A23: 1 | B23: 7017 | C23: 금산3교차로(부도로) | D23: 동면 | E23: =SUM(F23:G23) -> 1 | G23: 1 | H23: 동면 금산리 1485 | I23: 금산2교
A24: 1 | B24: 7018 | C24: 금산교차로(부도로) | D24: 동면 | E24: =SUM(F24:G24) -> 1 | G24: 1 | H24: 동면 금산리 581-3 | I24: 금산교차로 | J24: 35.30818 | K24: 129.02689
A25: 1 | B25: 7018 | C25: 금산교차로(주도로) | D25: 동면 | E25: =SUM(F25:G25) -> 1 | G25: 1 | H25: 동면 금산리 581-3 | I25: 금산교차로
A26: 1 | B26: 7019 | C26: 석산교차로(주도로) | D26: 동면 | E26: =SUM(F26:G26) -> 1 | G26: 1 | H26: 동면 석산리 1505 | I26: 이편한세상1차 103동 앞 | J26: 35.31894 | K26: 129.02937
A27: 1 | B27: 7020 | C27: 일맥교앞교차로(주도로) | D27: 상북면 | E27: =SUM(F27:G27) -> 1 | G27: 1 | H27: 상북면 소토리 1287-51 | I27: 일랙교 | J27: 35.385133 | K27: 129.05081
A28: 1 | B28: 7020 | C28: 일맥교앞교차로(부도로) | D28: 상북면 | E28: =SUM(F28:G28) -> 1 | G28: 1 | H28: 상북면 소토리 1287-51 | I28: 일랙교
A29: 1 | B29: 7021 | C29: 용주사입구(부도로) | D29: 상북면 | E29: =SUM(F29:G29) -> 1 | G29: 1 | H29: 상북면 신전리 산 14-5 | I29: 용주사입구 교차로 | J29: 35.425144 | K29: 129.06579
A30: 1 | B30: 7022 | C30: 신전마을입구삼거리(부도로) | D30: 하북면 | E30: =SUM(F30:G30) -> 1 | G30: 1 | H30: 하북면 용연리 1159 | I30: 신전마을입구 교차로 | J30: 35.431653 | K30: 129.06756
A31: 1 | B31: 7022 | C31: 신전마을입구삼거리(주도로) | D31: 하북면 | E31: =SUM(F31:G31) -> 1 | G31: 1 | H31: 하북면 용연리 1159 | I31: 신전마을입구 교차로
A32: 1 | B32: 7023 | C32: 양산휴게소앞(부도로) | D32: 하북면 | E32: =SUM(F32:G32) -> 1 | G32: 1 | H32: 하북면 용연리 1150 | I32: 양산휴게소 | J32: 35.436514 | K32: 129.07007
A33: 1 | B33: 7023 | C33: 양산휴게소앞(주도로) | D33: 하북면 | E33: =SUM(F33:G33) -> 1 | G33: 1 | H33: 하북면 용연리 1150 | I33: 양산휴게소
A34: 1 | B34: 7024 | C34: 내원사입구(부도로) | D34: 하북면 | E34: =SUM(F34:G34) -> 1 | G34: 1 | H34: 하북면 용연리 775-3 | I34: 내원사입구 교차로 | J34: 35.439868 | K34: 129.07168
A35: 1 | B35: 7025 | C35: 용연로삼거리(부도로) | D35: 하북면 | E35: =SUM(F35:G35) -> 1 | G35: 1 | H35: 하북면 용연리 788-1 | I35: 진이네 해물칼국수 | J35: 35.442838 | K35: 129.07223
A36: 1 | B36: 7026 | C36: 삼감마을입구(부도로) | D36: 하북면 | E36: =SUM(F36:G36) -> 1 | G36: 1 | H36: 하북면 백록리 1253-18 | I36: 삼감마을입구 교차로 | J36: 35.448981 | K36: 129.07376
A37: 1 | B37: 7027 | C37: 녹동마을입구(부도로) | D37: 하북면 | E37: =SUM(F37:G37) -> 1 | G37: 1 | H37: 하북면 백록리 1040-1 | I37: 녹동마을입구 교차로 | J37: 35.45415 | K37: 129.07664
A38: 1 | B38: 7028 | C38: 대영소결금속앞삼거리(부도로) | D38: 하북면 | E38: =SUM(F38:G38) -> 1 | G38: 1 | H38: 하북면 백록리 1045-15 | I38: 대영소결금속 | J38: 35.459856 | K38: 129.07917
A39: 1 | B39: 7029 | C39: 백록새동네입구(부도로) | D39: 하북면 | E39: =SUM(F39:G39) -> 1 | G39: 1 | H39: 하북면 백록리 654-56 | I39: 백록새동네 교차로 | J39: 35.473074 | K39: 129.08596
A40: 1 | B40: 7030 | C40: 공원묘지삼거리(부도로) | D40: 하북면 | E40: =SUM(F40:G40) -> 1 | G40: 1 | H40: 하북면 답곡리 701-2 | I40: 공원묘지삼거리 | J40: 35.475337 | K40: 129.08702
A41: 1 | B41: 7031 | C41: 천지원찜질방앞삼거리(부도로) | D41: 하북면 | E41: =SUM(F41:G41) -> 1 | G41: 1 | H41: 하북면 초산리 322-153 | I41: 통도사관광호텔 | J41: 35.48201 | K41: 129.08736
A42: 1 | B42: 7032 | C42: 신평2길사거리(부도로1) | D42: 하북면 | E42: =SUM(F42:G42) -> 1 | G42: 1 | H42: 하북면 순지리 86-9 | I42: 복어사랑 | J42: 35.490444 | K42: 129.08961
A43: 1 | B43: 7032 | C43: 신평2길사거리(부도로2) | D43: 하북면 | E43: =SUM(F43:G43) -> 1 | G43: 1 | H43: 하북면 순지리 86-9 | I43: 복어사랑
A44: 1 | B44: 7033 | C44: 통도사입구삼거리1(부도로) | D44: 하북면 | E44: =SUM(F44:G44) -> 1 | G44: 1 | H44: 하북면 순지리 166-38 | I44: 통도사입구 교차로 | J44: 35.492267 | K44: 129.09005
A45: 1 | B45: 7034 | C45: 통도사입구삼거리2(부도로) | D45: 하북면 | E45: =SUM(F45:G45) -> 1 | G45: 1 | H45: 하북면 순지리 170-15 | I45: 통도사입구 삼거리 | J45: 35.493579 | K45: 129.09034
A46: 1 | B46: 7035 | C46: 영락교회앞 횡단보도(동쪽) | D46: 동면 | E46: =SUM(F46:G46) -> 1 | G46: 1 | H46: 동면 가산리 847-16 | I46: 영락교회 | J46: 35.298058 | K46: 129.02154
A47: 1 | B47: 7035 | C47: 영락교회앞 횡단보도(서쪽) | D47: 동면 | E47: =SUM(F47:G47) -> 1 | G47: 1 | H47: 동면 가산리 847-16 | I47: 영락교회
A48: 1 | B48: 7036 | C48: 금산2교차로 횡단보도(서쪽) | D48: 동면 | E48: =SUM(F48:G48) -> 1 | G48: 1 | H48: 동면 금산리 1098-11 | I48: 금산2교차로 | J48: 35.301582 | K48: 129.02269
A49: 1 | B49: 7036 | C49: 금산2교차로 횡단보도(동쪽) | D49: 동면 | E49: =SUM(F49:G49) -> 1 | G49: 1 | H49: 동면 금산리 1098-11 | I49: 금산2교차로
A50: 1 | B50: 7037 | C50: 금산교차로 횡단보도(서쪽) | D50: 동면 | E50: =SUM(F50:G50) -> 1 | G50: 1 | H50: 동면 금산리 581-3 | I50: 금산교차로 | J50: 35.308102 | K50: 129.0269
A51: 1 | B51: 7037 | C51: 금산교차로 횡단보도(동쪽) | D51: 동면 | E51: =SUM(F51:G51) -> 1 | G51: 1 | H51: 동면 금산리 581-3 | I51: 금산교차로
A52: 1 | B52: 7038 | C52: 석산교차로 횡단보도(서쪽) | D52: 동면 | E52: =SUM(F52:G52) -> 1 | G52: 1 | H52: 동면 석산리 1505 | I52: 이편한세상1차 103동 앞 | J52: 35.31874 | K52: 129.02959
A53: 1 | B53: 7038 | C53: 석산교차로 횡단보도(동쪽) | D53: 동면 | E53: =SUM(F53:G53) -> 1 | G53: 1 | H53: 동면 석산리 1505 | I53: 이편한세상1차 103동 앞
A54: 1 | B54: 7039 | C54: 하북면 초산리 322-149 | D54: 하북면 | E54: =SUM(F54:G54) -> 1 | G54: 1 | H54: 초산마을입구 횡단보도(서쪽) | I54: 초산마을 교차로 | J54: 35.483272 | K54: 129.08669
